project_id,client_id,title,category,status,budget_usd,deadline_days,created_day_index,complexity_score,task_count,task_completed_count,task_delayed_count,task_blocked_count,avg_task_delay_days,deadline_overrun_days,completion_ratio,success_flag
1,27,Project 1,devops,COMPLETED,6931.64,127,279,0.829,14,14,5,0,8.42,24.55,1.0,1
2,129,Project 2,ai,CANCELLED,9246.87,159,60,0.662,16,6,4,3,8.45,18.18,0.375,0
3,120,Project 3,ai,IN_PROGRESS,890.07,119,92,0.743,10,6,2,1,10.77,22.44,0.6,1
4,143,Project 4,design,COMPLETED,5098.96,48,7,0.751,19,8,8,4,8.16,13.27,0.421,1
5,125,Project 5,data,COMPLETED,6303.37,45,118,0.766,20,16,1,4,6.93,8.79,0.8,1
6,49,Project 6,devops,COMPLETED,5499.41,123,289,0.772,8,6,1,1,14.84,45.38,0.75,1
7,159,Project 7,mobile,COMPLETED,4671.19,68,170,0.469,25,20,5,5,3.9,14.86,0.8,1
8,207,Project 8,design,COMPLETED,11525.99,116,284,0.614,13,5,1,3,7.79,3.69,0.385,1
9,153,Project 9,qa,COMPLETED,4588.26,59,86,1.0,4,3,1,1,13.12,23.16,0.75,1
10,205,Project 10,qa,COMPLETED,5183.2,40,44,0.74,11,5,0,1,13.54,21.67,0.455,1
11,78,Project 11,qa,COMPLETED,1810.89,107,83,1.0,19,11,2,1,12.92,40.57,0.579,1
12,80,Project 12,design,OPEN,6204.04,131,87,0.904,7,4,3,2,14.28,25.27,0.571,0
13,116,Project 13,web,COMPLETED,3674.16,80,361,0.623,24,14,4,1,5.48,6.74,0.583,1
14,163,Project 14,data,COMPLETED,7071.6,146,294,0.77,17,13,6,4,13.87,19.21,0.765,1
15,52,Project 15,design,COMPLETED,7282.04,135,27,0.803,12,11,2,2,7.74,10.33,0.917,1
16,43,Project 16,qa,OPEN,11392.81,152,53,0.76,15,6,7,1,7.74,20.41,0.4,0
17,35,Project 17,mobile,COMPLETED,6313.89,145,360,0.585,18,11,3,4,13.3,26.58,0.611,1
18,47,Project 18,design,COMPLETED,7874.56,34,274,0.479,17,14,1,3,6.5,29.42,0.824,1
19,143,Project 19,mobile,COMPLETED,6442.69,112,221,0.948,7,4,2,1,16.73,32.87,0.571,1
20,146,Project 20,qa,COMPLETED,8993.69,134,299,0.915,8,6,3,2,9.43,0.0,0.75,1
21,105,Project 21,mobile,IN_PROGRESS,4176.43,42,230,0.74,25,11,4,2,12.54,35.05,0.44,0
22,128,Project 22,mobile,COMPLETED,6504.48,104,34,0.704,10,9,3,2,7.94,16.39,0.9,1
23,22,Project 23,mobile,CANCELLED,7738.09,39,5,0.811,10,6,4,1,8.51,7.84,0.6,0
24,69,Project 24,design,COMPLETED,8033.13,45,217,0.827,16,11,4,1,11.14,18.84,0.688,1
25,96,Project 25,mobile,COMPLETED,7147.74,140,51,0.738,22,20,5,1,13.85,24.0,0.909,1
26,32,Project 26,web,COMPLETED,6700.29,151,98,0.779,18,15,8,0,4.97,6.8,0.833,1
27,194,Project 27,mobile,IN_PROGRESS,6761.03,121,7,0.48,11,9,3,0,7.7,21.65,0.818,1
28,124,Project 28,ai,IN_PROGRESS,7867.23,132,72,0.844,20,13,5,0,3.13,0.0,0.65,1
29,36,Project 29,devops,IN_PROGRESS,7803.98,56,41,1.0,10,7,1,2,6.62,19.34,0.7,0
30,159,Project 30,web,OPEN,3835.17,140,328,0.623,14,8,5,1,12.09,10.23,0.571,0
31,166,Project 31,design,IN_PROGRESS,5210.5,97,352,0.779,10,9,1,2,8.13,14.14,0.9,1
32,29,Project 32,devops,COMPLETED,8735.2,106,39,0.98,17,10,6,4,14.06,46.14,0.588,1
33,95,Project 33,design,IN_PROGRESS,1660.16,139,284,1.0,9,8,4,2,6.94,28.12,0.889,1
34,62,Project 34,data,COMPLETED,1180.42,44,86,1.0,11,6,0,2,12.08,17.82,0.545,1
35,61,Project 35,data,COMPLETED,8252.31,50,99,0.897,7,3,2,1,12.56,34.48,0.429,1
36,138,Project 36,data,COMPLETED,6975.34,113,154,0.965,14,9,4,0,9.08,16.38,0.643,1
37,180,Project 37,devops,COMPLETED,3945.59,73,152,1.0,23,23,0,6,8.34,25.07,1.0,1
38,191,Project 38,ai,COMPLETED,4185.77,148,319,0.588,17,14,1,3,6.18,16.54,0.824,1
39,91,Project 39,data,COMPLETED,6383.56,65,87,0.494,21,10,6,1,10.81,24.86,0.476,1
40,220,Project 40,web,IN_PROGRESS,6227.42,34,63,0.596,13,6,3,1,9.75,31.47,0.462,0
41,155,Project 41,devops,COMPLETED,8188.9,102,347,0.979,13,6,3,2,9.08,19.78,0.462,1
42,157,Project 42,ai,IN_PROGRESS,8427.31,168,7,0.982,23,19,10,2,9.09,13.09,0.826,1
43,123,Project 43,ai,COMPLETED,12920.76,92,62,0.813,17,15,4,2,15.74,30.31,0.882,1
44,44,Project 44,web,CANCELLED,800.0,58,30,0.842,15,9,3,2,10.59,13.08,0.6,0
45,4,Project 45,data,COMPLETED,3849.31,122,45,0.673,11,9,4,1,10.34,14.4,0.818,1
46,171,Project 46,mobile,COMPLETED,5897.26,64,116,0.329,15,8,1,3,5.27,3.74,0.533,1
47,23,Project 47,design,COMPLETED,6527.12,131,135,1.0,12,7,2,0,10.52,21.33,0.583,1
48,118,Project 48,data,COMPLETED,800.0,144,235,0.81,14,12,2,3,11.57,27.88,0.857,1
49,91,Project 49,data,COMPLETED,6221.48,24,267,0.726,22,16,8,2,10.22,5.49,0.727,1
50,52,Project 50,ai,IN_PROGRESS,7948.98,129,354,1.0,8,5,1,1,12.05,10.38,0.625,1
51,112,Project 51,design,COMPLETED,10592.27,115,39,0.732,14,7,2,2,6.19,10.01,0.5,1
52,8,Project 52,web,IN_PROGRESS,8851.87,119,13,0.677,6,2,2,1,11.15,21.27,0.333,1
53,216,Project 53,ai,IN_PROGRESS,5534.85,134,162,0.897,21,13,2,2,11.51,30.6,0.619,1
54,10,Project 54,ai,OPEN,3102.91,58,235,0.64,24,10,5,0,9.22,24.12,0.417,0
55,171,Project 55,ai,IN_PROGRESS,3022.41,129,135,0.653,6,6,1,1,8.22,15.32,1.0,1
56,127,Project 56,ai,COMPLETED,6028.71,68,248,0.815,24,18,4,5,13.41,11.83,0.75,1
57,145,Project 57,design,COMPLETED,5216.55,54,211,0.727,9,4,1,2,3.62,0.0,0.444,1
58,68,Project 58,mobile,IN_PROGRESS,6033.96,114,219,1.0,24,9,9,4,7.75,3.52,0.375,0
59,112,Project 59,mobile,COMPLETED,9928.69,103,20,0.632,13,12,3,2,13.41,30.36,0.923,1
60,194,Project 60,devops,IN_PROGRESS,4259.47,131,224,1.0,22,15,8,1,7.45,14.24,0.682,0
61,73,Project 61,qa,IN_PROGRESS,5849.69,113,305,1.0,5,2,0,0,12.79,22.85,0.4,0
62,98,Project 62,qa,COMPLETED,7502.42,132,273,1.0,9,4,2,0,10.86,19.51,0.444,1
63,90,Project 63,ai,COMPLETED,7101.54,114,216,0.858,6,4,0,0,12.32,26.35,0.667,1
64,193,Project 64,ai,COMPLETED,4135.17,145,323,0.932,23,22,5,5,10.59,8.13,0.957,1
65,99,Project 65,ai,COMPLETED,7153.51,80,58,0.881,19,17,2,2,7.95,27.87,0.895,1
66,2,Project 66,data,COMPLETED,2975.94,37,169,0.961,10,8,0,2,5.05,11.34,0.8,1
67,205,Project 67,devops,COMPLETED,8411.56,73,8,0.903,18,15,1,4,8.01,20.94,0.833,1
68,171,Project 68,mobile,COMPLETED,3863.94,142,321,0.999,15,12,2,1,16.2,32.46,0.8,1
69,21,Project 69,data,IN_PROGRESS,3941.12,119,351,1.0,4,2,2,1,13.09,35.76,0.5,0
70,205,Project 70,qa,COMPLETED,6029.82,35,229,1.0,24,19,2,1,11.37,25.97,0.792,1
71,93,Project 71,mobile,IN_PROGRESS,1614.07,96,244,0.633,7,4,3,1,10.39,5.37,0.571,0
72,209,Project 72,qa,COMPLETED,8465.12,109,93,0.837,25,23,4,3,12.18,28.07,0.92,1
73,7,Project 73,devops,CANCELLED,10320.53,149,233,1.0,15,7,6,4,13.38,22.86,0.467,0
74,75,Project 74,web,COMPLETED,5692.55,45,48,0.651,18,17,5,2,9.93,29.89,0.944,1
75,49,Project 75,devops,COMPLETED,9295.84,137,350,0.914,22,11,0,5,12.25,26.02,0.5,1
76,155,Project 76,devops,COMPLETED,9316.78,40,3,0.813,14,12,5,3,9.1,29.45,0.857,1
77,171,Project 77,ai,IN_PROGRESS,3977.57,113,127,0.648,12,8,5,3,6.7,13.05,0.667,0
78,214,Project 78,web,COMPLETED,6611.35,158,256,0.458,19,9,7,4,10.79,32.9,0.474,1
79,7,Project 79,devops,IN_PROGRESS,9562.8,35,66,0.947,18,7,7,1,11.54,29.2,0.389,0
80,142,Project 80,devops,COMPLETED,4373.04,59,107,1.0,9,4,1,1,5.8,13.84,0.444,1
81,77,Project 81,data,COMPLETED,3703.6,167,241,0.733,12,8,5,2,13.67,41.73,0.667,1
82,108,Project 82,ai,COMPLETED,4656.6,71,273,1.0,10,7,3,0,7.75,4.66,0.7,1
83,207,Project 83,mobile,COMPLETED,9861.95,112,129,0.604,22,14,4,5,8.73,14.83,0.636,1
84,3,Project 84,data,IN_PROGRESS,14963.84,29,184,0.912,18,9,3,4,14.37,10.28,0.5,1
85,66,Project 85,data,IN_PROGRESS,5188.38,63,92,1.0,19,15,6,1,10.26,17.53,0.789,1
86,86,Project 86,mobile,COMPLETED,8173.99,67,317,0.387,16,15,6,3,5.78,14.37,0.938,1
87,60,Project 87,mobile,IN_PROGRESS,7396.52,74,361,0.862,16,14,0,2,5.47,0.0,0.875,1
88,197,Project 88,design,IN_PROGRESS,6198.07,158,56,0.831,9,3,2,2,12.99,46.72,0.333,1
89,98,Project 89,ai,IN_PROGRESS,6334.11,165,151,0.618,22,18,2,3,8.36,16.37,0.818,1
90,162,Project 90,web,COMPLETED,7234.79,34,229,0.613,24,13,7,6,10.96,16.32,0.542,1
91,138,Project 91,data,COMPLETED,6030.92,130,228,0.667,17,10,3,2,9.68,25.64,0.588,1
92,77,Project 92,web,COMPLETED,800.0,89,326,0.641,15,9,4,1,5.1,9.59,0.6,1
93,207,Project 93,ai,IN_PROGRESS,12132.34,25,169,0.738,16,15,4,3,16.2,5.35,0.938,1
94,32,Project 94,data,OPEN,4176.05,82,82,0.778,19,8,1,3,10.33,12.85,0.421,0
95,58,Project 95,data,IN_PROGRESS,5093.89,160,258,1.0,25,21,8,4,9.14,17.33,0.84,1
96,181,Project 96,ai,COMPLETED,3675.58,96,353,0.865,4,4,2,0,13.67,46.21,1.0,1
97,163,Project 97,web,IN_PROGRESS,8581.22,158,80,0.672,8,8,3,1,12.68,23.35,1.0,1
98,173,Project 98,ai,CANCELLED,3831.98,111,79,0.589,12,6,5,0,7.47,19.6,0.5,0
99,150,Project 99,design,COMPLETED,4536.65,140,283,0.765,12,6,4,1,9.71,31.41,0.5,1
100,84,Project 100,qa,IN_PROGRESS,3893.46,149,312,0.943,25,16,6,5,12.67,18.71,0.64,0
101,212,Project 101,mobile,COMPLETED,11106.91,34,110,0.439,20,17,3,3,11.48,16.08,0.85,1
102,82,Project 102,data,IN_PROGRESS,5170.4,144,47,0.658,18,14,1,4,10.23,3.99,0.778,1
103,124,Project 103,web,COMPLETED,7905.9,67,96,0.577,16,12,4,2,10.24,21.22,0.75,1
104,220,Project 104,mobile,COMPLETED,6531.57,100,341,0.683,11,8,0,3,10.48,11.59,0.727,1
105,79,Project 105,devops,COMPLETED,1833.44,157,154,1.0,22,10,0,4,9.65,25.46,0.455,1
106,201,Project 106,web,COMPLETED,8142.73,113,132,0.905,4,2,0,0,12.51,23.06,0.5,1
107,209,Project 107,data,COMPLETED,5745.28,117,77,0.745,16,11,0,0,11.2,23.19,0.688,1
108,89,Project 108,qa,COMPLETED,2563.24,25,218,0.976,13,12,6,3,11.54,28.57,0.923,1
109,134,Project 109,design,COMPLETED,4896.03,130,257,0.943,11,6,3,2,5.69,15.83,0.545,1
110,124,Project 110,devops,COMPLETED,8805.73,98,164,0.873,20,16,3,2,9.7,21.71,0.8,1
111,201,Project 111,qa,IN_PROGRESS,5240.41,107,254,1.0,18,16,7,1,9.51,4.44,0.889,1
112,142,Project 112,ai,COMPLETED,4080.48,152,293,0.969,20,17,3,5,9.26,16.86,0.85,1
113,9,Project 113,devops,IN_PROGRESS,12010.01,94,327,0.919,14,7,4,2,10.18,25.69,0.5,0
114,208,Project 114,web,COMPLETED,4130.16,43,359,0.34,24,24,10,0,10.32,9.8,1.0,1
115,204,Project 115,devops,COMPLETED,5029.95,135,220,0.77,24,19,9,3,6.6,27.63,0.792,1
116,3,Project 116,design,COMPLETED,11804.53,25,214,0.706,16,12,2,2,9.19,29.0,0.75,1
117,6,Project 117,ai,IN_PROGRESS,1593.29,145,347,0.669,17,9,7,3,9.78,30.71,0.529,0
118,76,Project 118,ai,COMPLETED,6821.39,102,207,0.781,8,6,2,2,15.16,29.01,0.75,1
119,139,Project 119,qa,COMPLETED,4179.75,146,337,1.0,14,7,0,3,11.68,15.41,0.5,1
120,81,Project 120,devops,COMPLETED,4338.64,45,131,0.982,5,2,1,0,9.75,32.14,0.4,1
121,77,Project 121,devops,COMPLETED,6329.27,43,141,0.941,19,11,4,4,7.65,5.4,0.579,1
122,43,Project 122,mobile,COMPLETED,6774.91,32,350,0.807,8,7,0,1,15.49,36.67,0.875,1
123,95,Project 123,data,COMPLETED,7312.59,77,136,0.992,10,6,1,1,9.27,11.35,0.6,1
124,111,Project 124,design,CANCELLED,10975.27,108,247,1.0,24,11,8,5,8.28,29.25,0.458,0
125,175,Project 125,mobile,COMPLETED,10814.34,43,9,0.802,14,7,5,0,11.2,26.47,0.5,1
126,136,Project 126,ai,COMPLETED,8641.53,165,268,0.492,6,5,2,1,8.08,13.97,0.833,1
127,203,Project 127,design,IN_PROGRESS,5387.11,130,271,0.933,9,7,3,0,13.25,13.83,0.778,1
128,68,Project 128,web,COMPLETED,10550.39,65,195,0.356,14,9,3,2,9.58,21.01,0.643,1
129,200,Project 129,ai,COMPLETED,6637.71,149,302,0.777,15,11,1,2,9.01,20.16,0.733,1
130,148,Project 130,ai,IN_PROGRESS,9146.9,124,244,0.8,17,16,2,1,8.74,18.43,0.941,1
131,117,Project 131,web,COMPLETED,6111.56,92,271,0.747,10,6,4,2,10.5,15.23,0.6,1
132,138,Project 132,web,COMPLETED,6129.26,162,28,0.669,14,11,1,2,10.86,2.04,0.786,1
133,209,Project 133,mobile,COMPLETED,7088.33,149,190,0.654,21,13,4,3,0.28,1.13,0.619,1
134,159,Project 134,mobile,COMPLETED,3259.86,115,292,0.807,14,5,4,3,11.93,30.83,0.357,1
135,193,Project 135,mobile,COMPLETED,4392.47,145,222,0.853,17,17,2,0,6.63,19.92,1.0,1
136,215,Project 136,mobile,IN_PROGRESS,3124.6,95,273,0.755,6,6,0,0,1.96,0.68,1.0,1
137,99,Project 137,mobile,IN_PROGRESS,5983.91,153,27,0.96,25,19,4,4,12.15,19.08,0.76,1
138,6,Project 138,web,COMPLETED,1190.9,59,199,0.53,15,12,4,0,6.1,27.92,0.8,1
139,130,Project 139,devops,COMPLETED,3892.3,124,150,0.878,17,8,3,4,5.81,1.69,0.471,1
140,146,Project 140,design,OPEN,8152.03,63,42,0.567,9,4,2,1,7.32,0.0,0.444,0
141,182,Project 141,mobile,COMPLETED,3635.85,136,5,0.616,12,10,3,3,14.8,33.99,0.833,1
142,67,Project 142,web,IN_PROGRESS,6921.07,57,318,0.746,6,4,0,1,8.86,26.9,0.667,1
143,87,Project 143,data,OPEN,8229.29,160,265,0.742,6,4,1,1,9.8,30.36,0.667,0
144,73,Project 144,data,CANCELLED,4982.4,165,247,0.785,25,10,7,4,13.01,25.31,0.4,0
145,140,Project 145,data,COMPLETED,7673.46,84,241,0.748,10,7,1,2,8.44,2.96,0.7,1
146,62,Project 146,mobile,COMPLETED,2800.31,97,99,0.594,16,13,2,3,8.55,21.42,0.812,1
147,168,Project 147,ai,CANCELLED,4995.64,110,330,0.743,13,5,1,0,5.47,16.22,0.385,0
148,37,Project 148,qa,COMPLETED,6429.15,150,359,1.0,4,2,1,1,11.9,19.09,0.5,1
149,149,Project 149,devops,IN_PROGRESS,1211.35,28,194,0.858,18,9,7,0,10.73,11.19,0.5,0
150,163,Project 150,qa,IN_PROGRESS,4920.41,78,267,0.976,7,3,1,2,11.96,18.06,0.429,0
151,196,Project 151,mobile,COMPLETED,4037.69,65,292,0.814,14,13,2,1,9.28,17.56,0.929,1
152,34,Project 152,mobile,IN_PROGRESS,10231.09,29,127,0.67,25,14,1,5,9.61,24.52,0.56,1
153,145,Project 153,devops,OPEN,6230.06,142,115,0.888,15,7,3,2,14.28,28.62,0.467,0
154,114,Project 154,qa,COMPLETED,9575.4,53,70,1.0,19,7,1,2,12.86,41.42,0.368,1
155,50,Project 155,design,IN_PROGRESS,7654.88,126,217,1.0,17,12,6,1,7.49,28.68,0.706,1
156,150,Project 156,web,COMPLETED,4591.07,131,70,0.461,13,8,3,0,4.12,8.65,0.615,1
157,159,Project 157,design,COMPLETED,2817.74,50,206,0.857,10,6,4,0,6.8,0.0,0.6,1
158,156,Project 158,data,COMPLETED,2336.5,67,190,0.583,11,6,2,2,11.89,28.19,0.545,1
159,136,Project 159,data,CANCELLED,5889.16,76,260,0.827,5,4,2,1,11.96,20.45,0.8,0
160,203,Project 160,design,COMPLETED,9040.05,142,294,0.817,7,6,1,1,7.46,30.01,0.857,1
161,108,Project 161,devops,COMPLETED,4258.56,115,176,1.0,10,8,2,0,10.46,33.26,0.8,1
162,182,Project 162,qa,COMPLETED,4210.18,42,54,0.98,10,5,1,2,6.26,2.29,0.5,1
163,93,Project 163,mobile,IN_PROGRESS,1913.91,168,75,0.691,14,5,4,2,14.31,18.92,0.357,0
164,91,Project 164,web,COMPLETED,10493.95,157,283,0.606,25,13,3,3,11.15,28.29,0.52,1
165,205,Project 165,data,IN_PROGRESS,5187.76,127,97,0.874,25,24,4,5,9.82,25.69,0.96,1
166,115,Project 166,design,COMPLETED,11058.99,164,221,0.859,5,4,0,0,9.48,17.93,0.8,1
167,93,Project 167,ai,IN_PROGRESS,1694.23,77,198,0.926,17,6,6,0,9.41,16.35,0.353,1
168,146,Project 168,qa,COMPLETED,8697.56,74,66,0.8,7,6,2,1,11.73,20.78,0.857,1
169,144,Project 169,qa,IN_PROGRESS,6536.81,96,252,0.964,5,4,0,0,14.86,27.1,0.8,1
170,205,Project 170,mobile,COMPLETED,4478.8,135,58,0.879,12,10,5,1,11.22,29.13,0.833,1
171,15,Project 171,mobile,COMPLETED,5551.63,148,166,0.615,9,7,3,2,8.78,27.84,0.778,1
172,136,Project 172,mobile,COMPLETED,6447.74,113,221,0.464,9,7,0,2,8.06,21.67,0.778,1
173,48,Project 173,mobile,IN_PROGRESS,9446.56,83,283,0.8,23,11,1,1,8.12,8.58,0.478,1
174,129,Project 174,devops,COMPLETED,4400.74,96,10,0.924,6,5,1,0,8.93,15.09,0.833,1
175,95,Project 175,data,COMPLETED,4406.72,139,56,0.899,10,7,1,1,11.17,12.33,0.7,1
176,6,Project 176,ai,CANCELLED,4820.4,71,106,0.687,18,13,2,3,7.78,23.7,0.722,0
177,168,Project 177,design,IN_PROGRESS,5373.36,51,120,0.966,9,3,3,2,15.28,33.46,0.333,0
178,6,Project 178,design,COMPLETED,2349.43,44,338,0.639,12,6,0,2,8.9,26.11,0.5,1
179,64,Project 179,qa,IN_PROGRESS,6864.28,117,350,1.0,9,5,4,1,11.32,30.15,0.556,1
180,200,Project 180,ai,COMPLETED,6028.21,30,211,0.798,19,15,2,1,0.0,0.0,0.789,1
181,105,Project 181,ai,COMPLETED,904.72,64,352,0.71,24,21,10,3,2.97,6.67,0.875,1
182,115,Project 182,web,COMPLETED,9518.28,83,273,0.687,14,8,3,2,10.53,14.23,0.571,1
183,168,Project 183,devops,COMPLETED,3229.92,47,68,1.0,16,12,0,4,4.78,5.83,0.75,1
184,171,Project 184,qa,COMPLETED,2617.99,31,133,1.0,6,4,1,1,2.88,3.9,0.667,1
185,143,Project 185,devops,COMPLETED,6941.58,37,50,0.923,24,16,3,3,11.71,26.24,0.667,1
186,124,Project 186,web,COMPLETED,10530.48,35,320,0.67,11,9,1,1,5.62,10.62,0.818,1
187,93,Project 187,devops,COMPLETED,800.0,41,153,0.985,7,7,1,0,16.65,42.44,1.0,1
188,143,Project 188,ai,CANCELLED,6666.12,88,169,0.778,11,5,3,0,12.4,17.18,0.455,0
189,144,Project 189,ai,IN_PROGRESS,6347.4,31,294,0.733,22,9,9,1,9.79,30.5,0.409,0
190,89,Project 190,ai,COMPLETED,4846.0,146,253,0.429,10,6,2,1,6.27,0.0,0.6,1
191,128,Project 191,web,COMPLETED,2886.11,28,76,0.307,6,4,0,1,10.66,14.54,0.667,1
192,205,Project 192,devops,IN_PROGRESS,4531.96,64,216,1.0,13,6,3,1,14.99,37.97,0.462,1
193,74,Project 193,ai,COMPLETED,3500.64,30,233,0.766,18,12,2,3,7.61,11.81,0.667,1
194,67,Project 194,devops,COMPLETED,6327.32,128,61,0.977,19,12,6,2,12.54,21.82,0.632,1
195,121,Project 195,devops,IN_PROGRESS,6250.53,66,88,1.0,5,4,2,0,14.61,29.4,0.8,0
196,199,Project 196,design,IN_PROGRESS,7716.19,42,57,1.0,20,8,6,3,8.55,21.56,0.4,0
197,189,Project 197,qa,COMPLETED,6056.93,152,170,1.0,24,18,3,0,9.16,25.64,0.75,1
198,70,Project 198,mobile,COMPLETED,5113.87,166,276,0.726,21,14,1,3,10.03,15.75,0.667,1
199,186,Project 199,mobile,CANCELLED,2366.67,133,206,0.583,20,13,2,4,6.29,13.2,0.65,0
200,114,Project 200,mobile,IN_PROGRESS,8192.87,160,213,0.946,17,6,5,3,11.12,6.8,0.353,0
201,214,Project 201,data,COMPLETED,8618.26,109,363,0.826,15,14,6,1,7.2,11.43,0.933,1
202,41,Project 202,ai,COMPLETED,5511.7,168,298,0.604,18,12,1,1,7.6,6.19,0.667,1
203,138,Project 203,web,COMPLETED,8481.57,21,51,0.381,7,5,0,0,7.84,0.0,0.714,1
204,16,Project 204,devops,COMPLETED,800.0,71,181,1.0,19,13,6,3,13.03,44.89,0.684,1
205,162,Project 205,data,IN_PROGRESS,7430.79,161,124,0.811,15,6,6,4,9.04,18.67,0.4,0
206,88,Project 206,data,IN_PROGRESS,7752.59,108,68,0.671,8,4,2,1,11.92,25.34,0.5,0
207,68,Project 207,mobile,COMPLETED,11115.52,20,193,0.921,9,9,1,1,9.44,14.71,1.0,1
208,43,Project 208,mobile,COMPLETED,11637.62,20,137,0.902,18,16,5,2,9.12,1.1,0.889,1
209,185,Project 209,qa,IN_PROGRESS,5747.31,126,152,1.0,23,20,1,5,5.8,11.53,0.87,1
210,122,Project 210,web,IN_PROGRESS,1936.43,55,252,0.771,7,3,2,0,8.06,29.76,0.429,0
211,139,Project 211,qa,COMPLETED,4182.21,160,171,0.874,5,4,1,0,14.77,11.18,0.8,1
212,93,Project 212,qa,COMPLETED,6083.56,61,127,1.0,7,5,2,1,7.04,6.92,0.714,1
213,167,Project 213,mobile,COMPLETED,7511.91,155,150,0.656,22,10,1,4,11.5,14.76,0.455,1
214,147,Project 214,ai,COMPLETED,800.0,152,357,0.729,6,4,2,0,7.02,14.94,0.667,1
215,183,Project 215,mobile,COMPLETED,12919.92,43,155,0.737,9,5,3,1,8.37,18.55,0.556,1
216,38,Project 216,devops,IN_PROGRESS,5104.81,107,228,1.0,5,3,1,0,12.83,25.25,0.6,0
217,24,Project 217,data,COMPLETED,2299.96,110,105,0.808,16,13,0,2,6.42,20.63,0.812,1
218,144,Project 218,design,IN_PROGRESS,5215.09,115,23,1.0,13,6,4,0,15.28,34.85,0.462,0
219,44,Project 219,web,COMPLETED,2559.56,130,43,0.887,12,10,1,2,13.3,38.63,0.833,1
220,204,Project 220,design,COMPLETED,5558.78,160,75,0.786,22,17,6,5,7.03,33.33,0.773,1
221,57,Project 221,design,IN_PROGRESS,7222.34,153,273,1.0,6,2,2,0,7.18,21.72,0.333,0
222,88,Project 222,ai,IN_PROGRESS,10553.7,110,347,1.0,9,4,3,1,9.94,43.0,0.444,0
223,212,Project 223,design,IN_PROGRESS,11719.23,113,165,0.754,25,11,9,1,10.2,16.88,0.44,0
224,85,Project 224,devops,COMPLETED,4894.98,160,300,0.933,17,12,1,3,13.83,9.29,0.706,1
225,78,Project 225,mobile,CANCELLED,1479.48,163,358,0.582,24,11,6,2,8.0,31.48,0.458,0
226,100,Project 226,web,COMPLETED,5069.77,46,254,0.535,17,8,3,1,8.65,15.82,0.471,1
227,136,Project 227,mobile,COMPLETED,7843.84,31,14,0.755,17,13,5,4,10.22,13.14,0.765,1
228,168,Project 228,qa,COMPLETED,2899.86,75,247,0.937,25,22,10,2,7.06,23.31,0.88,1
229,30,Project 229,design,COMPLETED,7231.78,103,150,0.834,11,8,1,2,5.17,28.24,0.727,1
230,6,Project 230,mobile,IN_PROGRESS,3814.22,155,362,0.596,25,19,5,2,10.55,17.99,0.76,1
231,110,Project 231,design,COMPLETED,9636.41,63,137,0.924,6,4,2,0,7.28,7.76,0.667,1
232,145,Project 232,data,COMPLETED,6331.34,26,290,1.0,18,10,7,2,2.45,15.58,0.556,1
233,194,Project 233,data,IN_PROGRESS,5508.41,169,35,0.78,4,2,1,0,15.78,48.85,0.5,0
234,157,Project 234,mobile,COMPLETED,5246.65,158,121,0.6,8,8,2,1,5.48,8.58,1.0,1
235,128,Project 235,data,IN_PROGRESS,2105.46,110,34,0.887,12,8,5,0,15.37,40.14,0.667,0
236,122,Project 236,devops,OPEN,4754.79,148,77,1.0,7,5,2,2,16.12,38.57,0.714,0
237,116,Project 237,design,COMPLETED,3996.53,75,274,0.871,22,16,4,5,12.74,26.39,0.727,1
238,199,Project 238,devops,IN_PROGRESS,3885.52,27,218,1.0,12,10,1,3,15.72,26.88,0.833,0
239,43,Project 239,web,COMPLETED,8360.75,72,252,0.355,16,15,5,1,9.81,18.84,0.938,1
240,125,Project 240,ai,COMPLETED,5974.14,85,278,0.913,17,16,6,1,5.08,6.23,0.941,1
241,180,Project 241,mobile,IN_PROGRESS,2523.82,116,305,0.708,4,2,1,0,11.24,18.65,0.5,0
242,140,Project 242,devops,COMPLETED,7454.55,87,116,1.0,25,16,4,2,14.18,38.15,0.64,1
243,110,Project 243,ai,IN_PROGRESS,8669.95,94,114,0.836,24,9,4,5,11.04,28.86,0.375,0
244,133,Project 244,data,COMPLETED,3491.17,56,275,1.0,7,5,2,0,6.21,9.56,0.714,1
245,35,Project 245,design,COMPLETED,7686.92,51,341,0.98,25,21,10,1,12.05,12.62,0.84,1
246,123,Project 246,qa,COMPLETED,8184.86,35,322,1.0,22,10,6,2,13.36,40.62,0.455,1
247,85,Project 247,ai,COMPLETED,6865.86,78,334,0.931,23,21,0,4,12.23,17.89,0.913,1
248,21,Project 248,devops,COMPLETED,800.0,32,361,1.0,22,14,2,5,8.4,13.5,0.636,1
249,155,Project 249,data,COMPLETED,6966.83,54,99,0.941,12,7,1,2,3.55,5.53,0.583,1
250,208,Project 250,web,IN_PROGRESS,4080.84,52,104,0.49,8,6,1,2,13.9,35.93,0.75,1
251,147,Project 251,data,IN_PROGRESS,800.0,96,110,0.627,4,3,1,1,7.32,17.18,0.75,1
252,61,Project 252,data,IN_PROGRESS,10889.19,68,118,0.707,18,10,6,1,9.85,13.27,0.556,1
253,32,Project 253,qa,COMPLETED,5383.3,84,115,0.818,14,11,1,3,8.39,0.19,0.786,1
254,159,Project 254,qa,COMPLETED,800.0,158,137,1.0,16,15,7,0,15.04,25.2,0.938,1
255,20,Project 255,data,COMPLETED,10475.92,141,272,0.704,13,9,5,2,7.56,20.32,0.692,1
256,152,Project 256,devops,COMPLETED,4073.22,130,210,0.993,14,13,3,2,12.12,23.73,0.929,1
257,97,Project 257,design,COMPLETED,10402.85,83,327,0.97,23,21,4,3,14.84,23.75,0.913,1
258,9,Project 258,mobile,COMPLETED,6509.62,144,222,0.498,5,3,1,1,14.79,25.76,0.6,1
259,85,Project 259,ai,IN_PROGRESS,7642.95,35,8,0.903,14,9,3,1,7.53,25.61,0.643,1
260,110,Project 260,data,IN_PROGRESS,7102.99,109,259,0.612,13,8,3,3,7.28,11.59,0.615,1
261,212,Project 261,ai,COMPLETED,12616.07,139,326,0.731,19,17,8,4,8.45,7.43,0.895,1
262,19,Project 262,devops,COMPLETED,8893.79,121,205,0.785,21,15,3,4,14.04,36.7,0.714,1
263,144,Project 263,data,COMPLETED,3503.46,53,16,0.583,7,7,1,2,12.87,47.86,1.0,1
264,107,Project 264,web,IN_PROGRESS,3872.18,150,308,0.689,15,11,2,2,10.56,15.78,0.733,1
265,149,Project 265,data,COMPLETED,1570.0,169,248,0.794,19,16,1,4,9.41,17.72,0.842,1
266,177,Project 266,qa,COMPLETED,800.0,131,45,1.0,20,19,1,4,11.35,9.58,0.95,1
267,216,Project 267,data,COMPLETED,5906.66,44,248,0.736,25,16,5,2,10.5,13.17,0.64,1
268,3,Project 268,mobile,CANCELLED,11471.03,50,164,0.734,4,2,2,1,10.34,22.64,0.5,0
269,28,Project 269,mobile,COMPLETED,1444.26,88,255,0.971,14,9,6,1,15.01,32.44,0.643,1
270,78,Project 270,mobile,COMPLETED,4475.0,126,136,0.767,23,13,7,4,9.4,2.63,0.565,1
271,13,Project 271,web,COMPLETED,10122.57,29,224,0.555,17,12,6,3,8.99,4.91,0.706,1
272,113,Project 272,devops,IN_PROGRESS,2616.66,111,335,1.0,25,12,3,6,13.21,24.3,0.48,0
273,97,Project 273,qa,COMPLETED,8344.22,152,250,1.0,25,19,1,6,12.63,21.64,0.76,1
274,189,Project 274,data,IN_PROGRESS,6145.59,127,50,0.934,4,2,1,1,12.95,45.46,0.5,0
275,7,Project 275,qa,COMPLETED,8832.22,77,260,0.924,23,18,0,4,10.76,26.92,0.783,1
276,2,Project 276,qa,IN_PROGRESS,4795.16,59,136,0.865,24,10,5,0,9.59,26.56,0.417,1
277,34,Project 277,devops,IN_PROGRESS,6127.86,116,353,0.796,19,9,0,1,7.15,15.02,0.474,0
278,78,Project 278,web,IN_PROGRESS,1177.64,127,219,0.684,15,5,5,3,13.83,15.75,0.333,1
279,43,Project 279,web,COMPLETED,6700.25,75,164,0.712,24,21,3,0,11.62,20.32,0.875,1
280,204,Project 280,qa,COMPLETED,8811.43,30,259,1.0,10,7,2,0,6.03,27.33,0.7,1
281,18,Project 281,qa,COMPLETED,9487.67,30,94,1.0,20,16,3,5,13.03,11.24,0.8,1
282,28,Project 282,web,COMPLETED,800.0,110,359,0.457,7,7,2,2,4.24,7.59,1.0,1
283,24,Project 283,qa,COMPLETED,2215.33,105,15,0.917,24,21,9,6,18.61,39.26,0.875,1
284,165,Project 284,web,COMPLETED,4876.88,36,312,0.278,15,10,5,1,7.49,31.98,0.667,1
285,19,Project 285,design,COMPLETED,10766.65,72,208,0.855,12,8,5,3,5.97,0.0,0.667,1
286,178,Project 286,web,IN_PROGRESS,5349.09,73,119,0.608,10,5,4,2,12.47,8.44,0.5,1
287,198,Project 287,devops,IN_PROGRESS,3310.65,28,47,1.0,20,20,3,1,13.03,21.57,1.0,1
288,149,Project 288,data,COMPLETED,800.0,58,175,0.622,19,7,5,1,12.24,29.62,0.368,1
289,185,Project 289,qa,COMPLETED,4196.65,140,184,0.931,23,16,4,2,13.5,32.89,0.696,1
290,61,Project 290,web,IN_PROGRESS,11466.44,36,159,0.838,19,15,1,4,8.84,37.86,0.789,1
291,36,Project 291,ai,CANCELLED,7504.03,41,229,0.809,20,9,7,2,7.06,24.44,0.45,0
292,135,Project 292,design,COMPLETED,7807.7,20,230,0.989,15,9,0,3,4.46,10.88,0.6,1
293,29,Project 293,qa,IN_PROGRESS,8961.04,149,218,1.0,15,9,6,1,8.94,12.12,0.6,1
294,9,Project 294,qa,COMPLETED,6390.72,62,111,0.873,9,8,0,2,10.47,30.43,0.889,1
295,95,Project 295,ai,COMPLETED,3845.68,40,311,0.81,6,5,2,1,16.93,53.29,0.833,1
296,76,Project 296,qa,COMPLETED,10107.29,109,356,0.963,11,5,1,2,8.67,34.59,0.455,1
297,218,Project 297,data,COMPLETED,6084.26,109,169,0.727,21,16,6,1,9.92,8.9,0.762,1
298,171,Project 298,ai,COMPLETED,1122.47,41,253,0.961,16,15,3,2,15.76,34.02,0.938,1
299,190,Project 299,devops,COMPLETED,8308.12,30,349,0.944,23,15,6,3,13.91,17.59,0.652,1
300,158,Project 300,devops,IN_PROGRESS,3487.07,58,81,1.0,11,9,4,0,5.53,17.38,0.818,0
301,112,Project 301,design,CANCELLED,9436.77,50,195,0.699,11,4,2,2,8.56,27.44,0.364,0
302,153,Project 302,qa,COMPLETED,5114.14,94,21,1.0,11,8,2,0,5.9,27.65,0.727,1
303,95,Project 303,web,IN_PROGRESS,3058.39,61,94,0.687,9,6,2,2,10.94,7.85,0.667,1
304,83,Project 304,data,COMPLETED,5204.66,52,198,0.803,4,4,1,1,9.87,33.67,1.0,1
305,50,Project 305,design,COMPLETED,11115.95,155,47,1.0,21,16,8,5,9.42,32.84,0.762,1
306,47,Project 306,web,COMPLETED,6936.93,81,285,0.761,9,5,0,2,11.28,25.44,0.556,1
307,124,Project 307,qa,IN_PROGRESS,11263.46,68,98,0.815,24,10,9,2,8.5,7.68,0.417,0
308,93,Project 308,mobile,OPEN,2980.24,121,267,0.941,8,4,3,1,10.36,17.54,0.5,0
309,151,Project 309,qa,CANCELLED,5300.72,33,295,1.0,13,7,3,0,13.68,38.17,0.538,0
310,29,Project 310,ai,COMPLETED,4975.95,112,255,0.647,12,9,2,2,9.48,27.84,0.75,1
311,176,Project 311,mobile,COMPLETED,1687.38,128,276,0.866,22,18,6,2,11.46,34.31,0.818,1
312,212,Project 312,design,COMPLETED,9373.42,122,132,0.947,17,9,5,1,8.31,34.77,0.529,1
313,20,Project 313,design,COMPLETED,7558.95,55,98,0.574,14,7,6,1,7.94,0.0,0.5,1
314,147,Project 314,web,COMPLETED,2868.97,80,204,0.706,16,8,3,2,7.0,0.99,0.5,1
315,23,Project 315,qa,COMPLETED,7712.86,113,26,1.0,17,10,4,0,11.63,12.06,0.588,1
316,6,Project 316,mobile,COMPLETED,1688.33,82,352,0.544,12,7,4,2,9.07,16.99,0.583,1
317,194,Project 317,design,COMPLETED,8014.66,153,229,1.0,25,25,6,6,12.37,22.35,1.0,1
318,138,Project 318,mobile,COMPLETED,7886.99,159,216,0.653,25,11,2,0,12.24,29.38,0.44,1
319,213,Project 319,design,IN_PROGRESS,8475.37,65,132,0.795,14,11,3,3,13.74,20.38,0.786,1
320,207,Project 320,devops,COMPLETED,10159.41,22,184,0.907,15,11,4,3,7.6,36.95,0.733,1
321,148,Project 321,design,IN_PROGRESS,5363.66,90,273,0.933,18,10,0,2,8.07,0.0,0.556,0
322,216,Project 322,web,COMPLETED,4929.31,60,113,0.879,21,17,1,1,10.36,34.52,0.81,1
323,133,Project 323,data,IN_PROGRESS,2806.33,26,294,0.823,7,7,2,0,14.1,21.87,1.0,1
324,184,Project 324,mobile,COMPLETED,7444.44,54,148,0.84,24,21,5,3,10.1,11.66,0.875,1
325,17,Project 325,devops,COMPLETED,2848.94,86,170,0.928,10,9,2,1,11.21,32.91,0.9,1
326,201,Project 326,design,COMPLETED,7109.57,74,111,0.599,19,15,6,4,10.52,19.3,0.789,1
327,51,Project 327,devops,IN_PROGRESS,7225.96,133,106,1.0,20,7,5,3,11.06,23.42,0.35,0
328,27,Project 328,data,CANCELLED,3352.85,90,121,0.728,16,8,5,3,10.99,22.24,0.5,0
329,6,Project 329,qa,COMPLETED,2524.71,43,320,1.0,18,14,0,2,12.57,8.06,0.778,1
330,104,Project 330,mobile,COMPLETED,6018.64,85,1,0.582,12,10,0,1,7.51,9.82,0.833,1
331,32,Project 331,data,IN_PROGRESS,6301.14,22,107,0.684,16,7,0,1,10.99,35.24,0.438,1
332,2,Project 332,web,IN_PROGRESS,3816.0,70,188,0.74,24,15,1,2,11.46,31.8,0.625,1
333,175,Project 333,devops,COMPLETED,3911.93,40,111,0.975,18,11,8,0,10.83,30.74,0.611,1
334,161,Project 334,web,IN_PROGRESS,872.38,87,52,0.582,4,2,2,0,5.58,13.71,0.5,0
335,117,Project 335,devops,COMPLETED,5660.96,141,281,1.0,23,15,7,4,11.97,7.8,0.652,1
336,104,Project 336,mobile,COMPLETED,9282.75,76,84,0.732,16,15,4,2,8.58,10.15,0.938,1
337,89,Project 337,design,IN_PROGRESS,4094.32,73,26,0.791,24,13,2,6,10.3,20.42,0.542,0
338,207,Project 338,data,IN_PROGRESS,12074.07,80,317,0.991,24,11,7,4,16.21,53.93,0.458,0
339,121,Project 339,qa,IN_PROGRESS,7849.06,21,336,0.949,22,8,1,4,9.05,26.76,0.364,0
340,163,Project 340,ai,COMPLETED,7135.48,98,94,0.758,23,15,8,0,11.93,33.74,0.652,1
341,138,Project 341,ai,IN_PROGRESS,7706.0,140,232,0.835,9,6,1,1,8.32,1.02,0.667,1
342,123,Project 342,mobile,IN_PROGRESS,8878.83,58,30,0.589,25,10,8,1,6.86,12.72,0.4,1
343,171,Project 343,web,COMPLETED,800.0,126,220,0.634,18,16,5,3,11.56,10.51,0.889,1
344,133,Project 344,ai,COMPLETED,1402.36,94,100,0.784,7,4,1,0,16.5,29.94,0.571,1
345,149,Project 345,mobile,COMPLETED,1124.74,76,118,0.799,8,6,2,1,12.43,10.47,0.75,1
346,193,Project 346,web,COMPLETED,4977.03,84,70,0.58,13,9,5,2,6.2,1.16,0.692,1
347,141,Project 347,data,COMPLETED,6493.86,125,31,0.864,20,16,0,0,15.06,18.65,0.8,1
348,78,Project 348,devops,COMPLETED,4356.13,102,200,1.0,4,3,2,0,13.93,33.01,0.75,1
349,39,Project 349,devops,COMPLETED,3387.49,125,155,0.703,9,5,2,2,12.54,40.08,0.556,1
350,20,Project 350,web,COMPLETED,8179.69,49,292,0.699,12,12,5,1,12.94,35.22,1.0,1
351,155,Project 351,mobile,COMPLETED,6880.1,155,329,0.7,18,18,7,2,3.38,0.0,1.0,1
352,181,Project 352,ai,COMPLETED,3864.1,142,1,0.826,24,23,1,5,14.24,35.82,0.958,1
353,96,Project 353,design,CANCELLED,7581.93,133,284,0.948,7,3,2,0,8.05,11.8,0.429,0
354,100,Project 354,devops,COMPLETED,6906.27,58,145,0.939,12,6,0,3,7.91,1.11,0.5,1
355,181,Project 355,design,IN_PROGRESS,3504.89,20,261,0.988,13,10,3,0,4.3,0.0,0.769,1
356,152,Project 356,qa,IN_PROGRESS,4964.84,21,323,0.825,12,7,4,1,19.98,30.76,0.583,1
357,53,Project 357,qa,COMPLETED,8875.88,61,145,1.0,7,3,2,1,16.03,19.43,0.429,1
358,176,Project 358,qa,COMPLETED,3174.56,109,273,1.0,11,5,2,2,16.66,19.99,0.455,1
359,174,Project 359,qa,COMPLETED,3259.57,45,141,0.956,12,10,2,1,16.28,39.67,0.833,1
360,60,Project 360,devops,CANCELLED,11624.5,123,330,0.901,5,2,1,1,6.49,13.21,0.4,0
361,176,Project 361,ai,CANCELLED,4245.13,79,213,0.766,17,7,1,1,14.74,38.63,0.412,0
362,109,Project 362,qa,COMPLETED,1723.28,28,335,1.0,5,5,1,1,11.9,37.15,1.0,1
363,65,Project 363,devops,COMPLETED,5357.52,137,10,1.0,14,12,1,3,18.31,26.71,0.857,1
364,203,Project 364,devops,COMPLETED,11646.25,49,291,0.933,19,17,5,4,11.1,21.79,0.895,1
365,7,Project 365,qa,OPEN,12777.13,112,345,0.888,24,11,6,2,13.19,25.79,0.458,0
366,218,Project 366,data,COMPLETED,7438.62,100,197,0.852,22,16,6,4,8.86,4.66,0.727,1
367,158,Project 367,qa,IN_PROGRESS,7576.66,24,272,0.949,11,10,1,2,8.84,15.26,0.909,1
368,164,Project 368,ai,IN_PROGRESS,4610.19,88,114,0.733,17,6,4,3,10.89,23.91,0.353,0
369,124,Project 369,data,COMPLETED,7230.05,40,359,0.864,14,12,2,2,11.79,35.43,0.857,1
370,200,Project 370,design,COMPLETED,4963.08,153,28,0.736,21,18,6,3,4.39,0.0,0.857,1
371,210,Project 371,web,IN_PROGRESS,800.0,33,256,0.598,18,14,5,3,10.87,16.2,0.778,1
372,191,Project 372,web,COMPLETED,3394.37,91,228,0.644,22,18,2,0,7.17,3.57,0.818,1
373,137,Project 373,ai,CANCELLED,6587.94,85,331,0.852,5,3,1,0,16.74,39.5,0.6,0
374,48,Project 374,qa,COMPLETED,6799.11,41,30,1.0,12,11,4,2,12.05,4.12,0.917,1
375,1,Project 375,design,COMPLETED,9662.98,154,284,0.668,7,3,1,1,11.57,23.26,0.429,1
376,197,Project 376,devops,IN_PROGRESS,5508.98,159,132,0.917,24,18,10,0,6.87,6.74,0.75,0
377,33,Project 377,web,COMPLETED,7747.36,36,220,0.556,13,12,2,3,6.88,0.0,0.923,1
378,129,Project 378,mobile,COMPLETED,3703.19,136,146,0.474,15,13,6,2,8.33,10.94,0.867,1
379,71,Project 379,web,COMPLETED,3774.72,53,321,0.33,12,8,2,1,6.61,19.27,0.667,1
380,196,Project 380,devops,COMPLETED,7288.43,52,144,0.863,10,9,3,1,12.3,35.29,0.9,1
381,72,Project 381,web,COMPLETED,8448.68,151,1,0.981,4,3,1,0,10.28,14.12,0.75,1
382,145,Project 382,qa,COMPLETED,7359.35,129,357,1.0,25,17,9,2,8.89,25.92,0.68,1
383,186,Project 383,qa,COMPLETED,1915.48,127,186,0.874,25,21,9,3,10.9,33.23,0.84,1
384,202,Project 384,devops,COMPLETED,5438.58,89,250,0.956,9,7,3,1,13.15,19.56,0.778,1
385,134,Project 385,data,COMPLETED,5281.32,101,204,0.889,7,6,3,2,7.37,0.0,0.857,1
386,163,Project 386,mobile,COMPLETED,6631.93,28,29,0.943,17,10,4,0,8.87,21.74,0.588,1
387,168,Project 387,qa,COMPLETED,800.0,30,145,1.0,9,7,4,1,4.79,16.73,0.778,1
388,41,Project 388,web,IN_PROGRESS,4897.8,75,59,0.671,12,10,2,2,8.01,30.36,0.833,1
389,23,Project 389,mobile,COMPLETED,8962.78,93,109,0.534,22,20,1,5,8.67,22.61,0.909,1
390,29,Project 390,data,IN_PROGRESS,6513.26,96,337,0.826,10,10,2,2,10.78,23.88,1.0,1
391,114,Project 391,mobile,CANCELLED,8262.62,99,238,0.497,21,10,4,4,9.22,13.39,0.476,0
392,51,Project 392,ai,COMPLETED,6610.35,155,314,0.835,7,4,3,2,10.88,23.92,0.571,1
393,34,Project 393,qa,IN_PROGRESS,3490.37,128,188,1.0,11,10,2,1,13.14,14.86,0.909,1
394,110,Project 394,devops,COMPLETED,6110.69,60,41,0.928,9,8,4,1,10.04,14.18,0.889,1
395,43,Project 395,mobile,COMPLETED,6833.66,160,266,0.79,6,4,2,0,4.28,3.08,0.667,1
396,193,Project 396,mobile,COMPLETED,6550.61,68,9,0.773,15,13,1,1,8.67,16.61,0.867,1
397,169,Project 397,devops,COMPLETED,8489.78,46,111,0.978,20,18,4,2,16.95,49.13,0.9,1
398,24,Project 398,web,COMPLETED,2901.85,140,80,0.879,24,15,8,3,8.84,11.77,0.625,1
399,22,Project 399,design,CANCELLED,6889.37,69,52,0.993,6,3,2,1,16.27,41.48,0.5,0
400,13,Project 400,qa,COMPLETED,7786.1,88,59,1.0,18,9,0,0,11.94,27.59,0.5,1
401,28,Project 401,devops,COMPLETED,1424.41,157,240,0.726,10,5,0,0,9.01,4.45,0.5,1
402,65,Project 402,qa,COMPLETED,6334.39,143,274,0.919,8,7,0,0,7.79,12.65,0.875,1
403,24,Project 403,ai,OPEN,1057.76,113,247,0.798,5,3,1,0,5.25,0.0,0.6,0
404,170,Project 404,design,COMPLETED,8538.82,130,114,1.0,17,12,7,1,8.27,8.5,0.706,1
405,3,Project 405,devops,COMPLETED,8468.67,79,298,1.0,20,18,1,0,9.99,28.9,0.9,1
406,35,Project 406,data,IN_PROGRESS,7408.36,94,359,0.796,14,9,6,1,11.28,19.45,0.643,0
407,219,Project 407,design,COMPLETED,6951.24,30,360,0.874,22,18,6,0,14.77,27.29,0.818,1
408,183,Project 408,mobile,COMPLETED,8787.56,73,35,0.668,5,4,1,0,10.52,13.61,0.8,1
409,20,Project 409,ai,COMPLETED,9039.41,149,311,0.898,19,12,0,3,14.64,29.7,0.632,1
410,62,Project 410,mobile,COMPLETED,3321.72,73,288,0.908,16,13,3,2,11.83,26.08,0.812,1
411,92,Project 411,mobile,COMPLETED,7055.04,112,341,0.416,12,6,2,3,4.39,9.96,0.5,1
412,65,Project 412,qa,IN_PROGRESS,5963.93,57,352,1.0,15,12,4,1,7.89,9.94,0.8,1
413,109,Project 413,ai,COMPLETED,1151.08,119,68,0.929,25,20,6,0,7.6,19.43,0.8,1
414,140,Project 414,data,COMPLETED,8140.43,70,183,1.0,6,4,0,0,12.68,29.57,0.667,1
415,77,Project 415,data,COMPLETED,6079.64,112,234,0.72,12,7,3,0,7.8,21.63,0.583,1
416,120,Project 416,devops,IN_PROGRESS,4120.95,93,109,0.886,13,8,4,0,13.53,26.0,0.615,0
417,49,Project 417,qa,COMPLETED,2626.53,143,308,1.0,7,3,2,1,12.45,22.56,0.429,1
418,49,Project 418,design,IN_PROGRESS,3660.39,57,259,0.836,19,9,3,4,2.05,29.18,0.474,1
419,171,Project 419,ai,IN_PROGRESS,3370.91,96,207,0.678,5,2,1,0,12.64,15.85,0.4,1
420,64,Project 420,ai,COMPLETED,5338.69,132,338,0.803,19,11,6,1,9.06,18.27,0.579,1
421,107,Project 421,web,COMPLETED,1907.64,30,167,0.741,8,4,2,1,8.36,11.55,0.5,1
422,197,Project 422,qa,IN_PROGRESS,4722.22,153,108,1.0,17,16,3,3,11.32,34.93,0.941,1
423,172,Project 423,design,CANCELLED,4613.4,100,151,0.859,8,3,1,0,7.76,2.59,0.375,0
424,105,Project 424,web,COMPLETED,4944.48,106,138,0.658,10,5,0,1,7.56,16.36,0.5,1
425,213,Project 425,data,IN_PROGRESS,7279.91,91,212,0.925,22,19,9,4,13.13,44.74,0.864,1
426,149,Project 426,design,COMPLETED,800.0,162,227,0.93,6,4,0,1,8.03,22.38,0.667,1
427,13,Project 427,web,COMPLETED,10337.29,138,57,0.51,8,5,3,0,8.53,5.2,0.625,1
428,195,Project 428,data,IN_PROGRESS,6079.12,62,294,0.906,15,12,4,0,9.56,25.31,0.8,1
429,198,Project 429,design,CANCELLED,4457.55,133,85,0.962,21,7,8,4,18.78,42.92,0.333,0
430,99,Project 430,ai,CANCELLED,4727.4,85,98,0.887,18,10,5,1,13.33,18.57,0.556,0
431,165,Project 431,design,COMPLETED,6795.35,58,172,1.0,19,12,0,3,12.9,20.27,0.632,1
432,37,Project 432,data,COMPLETED,6030.55,53,110,0.901,4,2,0,0,7.84,11.12,0.5,1
433,116,Project 433,data,COMPLETED,6831.04,69,232,0.985,11,11,1,3,8.69,27.92,1.0,1
434,220,Project 434,mobile,CANCELLED,6085.82,118,176,0.757,25,10,9,0,11.38,22.91,0.4,0
435,138,Project 435,design,IN_PROGRESS,5970.69,127,251,0.858,5,4,1,1,17.18,24.8,0.8,1
436,79,Project 436,mobile,COMPLETED,1591.49,42,226,0.414,8,5,2,1,10.28,21.6,0.625,1
437,195,Project 437,devops,COMPLETED,4812.87,112,40,1.0,24,17,8,5,4.98,13.83,0.708,1
438,155,Project 438,data,COMPLETED,8198.73,144,173,0.88,11,6,2,2,11.37,15.49,0.545,1
439,167,Project 439,mobile,IN_PROGRESS,8410.82,96,186,0.785,4,4,0,0,13.64,25.2,1.0,1
440,60,Project 440,web,CANCELLED,7025.58,72,88,0.8,10,4,3,1,12.06,11.59,0.4,0
441,150,Project 441,devops,COMPLETED,3845.02,65,70,0.909,23,19,9,2,8.82,12.78,0.826,1
442,63,Project 442,devops,COMPLETED,5123.47,67,105,1.0,7,6,1,1,10.65,20.95,0.857,1
443,170,Project 443,data,COMPLETED,5794.75,71,187,0.881,13,12,5,0,9.73,28.09,0.923,1
444,76,Project 444,mobile,COMPLETED,9312.2,108,271,0.704,18,16,0,1,14.22,18.2,0.889,1
445,201,Project 445,design,COMPLETED,6932.73,169,112,0.882,14,7,5,2,8.76,34.93,0.5,1
446,112,Project 446,web,COMPLETED,10086.87,27,350,0.688,25,16,7,6,7.5,24.14,0.64,1
447,175,Project 447,web,COMPLETED,5482.67,163,27,0.555,17,16,7,2,11.97,29.4,0.941,1
448,100,Project 448,qa,IN_PROGRESS,7540.5,42,67,1.0,14,11,3,2,15.35,36.77,0.786,1
449,114,Project 449,design,IN_PROGRESS,7535.64,49,355,1.0,7,4,3,2,10.16,41.58,0.571,0
450,36,Project 450,mobile,IN_PROGRESS,6082.45,120,249,0.758,17,6,1,4,10.37,0.0,0.353,0
451,120,Project 451,mobile,COMPLETED,4609.73,158,287,0.659,22,19,1,2,19.32,55.45,0.864,1
452,187,Project 452,devops,COMPLETED,5021.07,162,263,0.886,7,6,1,2,16.22,27.62,0.857,1
453,58,Project 453,devops,COMPLETED,5896.94,56,355,0.99,23,12,5,3,9.05,11.94,0.522,1
454,10,Project 454,mobile,CANCELLED,2444.21,42,363,0.642,24,13,6,1,14.68,35.22,0.542,0
455,41,Project 455,data,COMPLETED,5393.05,119,305,1.0,9,8,3,1,15.13,54.44,0.889,1
456,64,Project 456,mobile,COMPLETED,7022.78,152,321,0.78,18,7,1,3,8.11,18.97,0.389,1
457,14,Project 457,mobile,COMPLETED,6571.78,161,155,0.556,10,6,3,1,5.61,12.64,0.6,1
458,177,Project 458,data,IN_PROGRESS,1265.7,23,364,0.952,14,5,6,3,10.62,18.93,0.357,0
459,33,Project 459,mobile,COMPLETED,6019.01,24,356,0.84,14,11,3,3,12.6,25.6,0.786,1
460,146,Project 460,qa,COMPLETED,7259.33,72,42,1.0,22,16,8,4,12.24,27.85,0.727,1
461,177,Project 461,ai,COMPLETED,1135.1,111,151,0.798,8,8,1,1,10.03,3.54,1.0,1
462,109,Project 462,data,COMPLETED,2924.63,132,215,1.0,12,8,1,0,12.92,12.58,0.667,1
463,36,Project 463,web,COMPLETED,4577.21,85,339,1.0,8,8,1,1,17.19,31.36,1.0,1
464,112,Project 464,data,IN_PROGRESS,9749.16,117,321,0.859,15,6,5,1,8.32,5.9,0.4,1
465,18,Project 465,devops,COMPLETED,6856.89,111,49,1.0,10,10,4,2,15.18,27.47,1.0,1
466,78,Project 466,devops,IN_PROGRESS,4041.73,53,244,0.825,8,3,1,2,6.65,21.88,0.375,0
467,25,Project 467,data,IN_PROGRESS,4532.39,38,30,0.906,11,5,5,1,9.35,34.94,0.455,0
468,51,Project 468,devops,COMPLETED,6093.58,62,278,0.932,22,14,7,2,15.08,29.28,0.636,1
469,24,Project 469,web,COMPLETED,2793.0,79,47,0.574,7,3,1,1,8.17,8.9,0.429,1
470,89,Project 470,qa,COMPLETED,6410.36,89,188,1.0,11,6,4,3,12.8,33.14,0.545,1
471,30,Project 471,qa,IN_PROGRESS,7675.67,21,133,0.842,17,10,4,3,7.78,18.11,0.588,0
472,170,Project 472,devops,IN_PROGRESS,4695.97,81,100,1.0,25,16,9,3,8.32,12.16,0.64,1
473,149,Project 473,ai,IN_PROGRESS,2100.9,68,330,0.553,4,3,0,0,11.48,31.48,0.75,1
474,123,Project 474,devops,CANCELLED,8865.82,96,33,1.0,14,5,2,3,13.77,8.14,0.357,0
475,53,Project 475,ai,COMPLETED,6759.39,83,135,0.607,22,21,0,5,9.25,11.57,0.955,1
476,98,Project 476,qa,COMPLETED,9073.52,30,219,1.0,16,13,6,3,11.47,36.48,0.812,1
477,58,Project 477,mobile,IN_PROGRESS,3540.19,83,78,0.978,25,19,9,5,15.56,27.14,0.76,1
478,71,Project 478,mobile,COMPLETED,7760.0,44,43,0.705,13,11,2,1,10.18,23.75,0.846,1
479,169,Project 479,devops,COMPLETED,9808.86,85,352,0.913,15,12,0,2,13.07,21.37,0.8,1
480,37,Project 480,devops,CANCELLED,6062.85,144,80,0.856,14,5,5,2,16.39,24.01,0.357,0
481,109,Project 481,devops,IN_PROGRESS,2122.4,59,24,1.0,11,8,4,1,15.54,21.79,0.727,1
482,218,Project 482,mobile,COMPLETED,5811.06,150,159,0.795,19,12,2,2,13.18,32.2,0.632,1
483,152,Project 483,data,COMPLETED,6467.43,130,326,0.861,20,20,2,4,9.17,11.18,1.0,1
484,29,Project 484,mobile,IN_PROGRESS,5655.77,100,336,0.588,8,3,4,1,7.15,16.65,0.375,0
485,197,Project 485,mobile,COMPLETED,7360.02,88,32,0.909,7,3,1,0,11.69,24.04,0.429,1
486,117,Project 486,mobile,IN_PROGRESS,8554.62,64,286,0.615,24,13,5,0,8.44,23.11,0.542,0
487,207,Project 487,data,IN_PROGRESS,8883.22,131,261,0.798,21,18,4,4,9.15,16.8,0.857,1
488,184,Project 488,qa,IN_PROGRESS,5931.73,63,68,1.0,15,7,7,2,18.86,39.55,0.467,0
489,198,Project 489,qa,IN_PROGRESS,1686.69,80,340,0.985,21,14,3,2,12.47,21.82,0.667,0
490,35,Project 490,data,COMPLETED,9562.17,65,173,0.908,21,17,7,4,12.72,42.21,0.81,1
491,214,Project 491,data,COMPLETED,5340.97,86,15,0.717,21,13,8,4,7.48,14.24,0.619,1
492,39,Project 492,design,COMPLETED,3114.99,73,69,0.942,25,17,11,5,5.59,20.94,0.68,1
493,51,Project 493,ai,COMPLETED,8890.31,48,71,0.636,6,4,1,1,17.36,38.79,0.667,1
494,152,Project 494,ai,OPEN,5749.55,74,280,0.867,15,9,4,3,13.45,28.22,0.6,0
495,161,Project 495,qa,CANCELLED,1453.47,83,119,0.854,14,7,6,2,11.62,36.39,0.5,0
496,184,Project 496,design,IN_PROGRESS,5248.97,94,109,1.0,7,6,3,0,12.93,44.56,0.857,1
497,207,Project 497,mobile,IN_PROGRESS,11563.83,90,102,0.569,22,9,7,3,11.2,27.03,0.409,0
498,43,Project 498,data,COMPLETED,9897.17,101,335,0.865,5,2,0,0,5.25,18.78,0.4,1
499,95,Project 499,mobile,IN_PROGRESS,3195.79,109,272,0.975,21,14,5,5,8.79,16.9,0.667,0
500,116,Project 500,mobile,IN_PROGRESS,3787.43,117,355,0.74,21,15,9,2,8.54,17.79,0.714,1
501,181,Project 501,mobile,COMPLETED,7696.85,135,267,0.593,18,8,1,3,8.22,27.66,0.444,1
502,127,Project 502,ai,IN_PROGRESS,800.0,118,191,0.817,17,7,1,1,7.38,10.86,0.412,1
503,95,Project 503,data,COMPLETED,3443.59,56,109,0.853,12,11,0,1,12.27,24.38,0.917,1
504,176,Project 504,mobile,COMPLETED,7314.66,140,184,0.66,22,14,6,3,8.2,3.9,0.636,1
505,68,Project 505,qa,COMPLETED,6291.37,169,63,0.903,5,3,1,1,17.52,27.96,0.6,1
506,194,Project 506,qa,IN_PROGRESS,6096.4,77,117,0.749,8,5,1,2,9.95,23.5,0.625,0
507,89,Project 507,design,IN_PROGRESS,4718.38,101,41,0.771,17,8,6,4,9.82,36.7,0.471,0
508,136,Project 508,devops,COMPLETED,10038.3,25,166,0.987,17,15,4,1,10.08,22.82,0.882,1
509,85,Project 509,ai,COMPLETED,6149.57,86,80,0.966,24,13,7,3,13.8,26.36,0.542,1
510,176,Project 510,web,IN_PROGRESS,1564.06,63,239,0.808,12,12,2,3,13.12,2.44,1.0,1
511,77,Project 511,data,IN_PROGRESS,3658.95,128,313,0.893,20,18,8,2,8.26,20.86,0.9,1
512,189,Project 512,qa,IN_PROGRESS,3032.47,66,279,1.0,21,13,9,4,12.25,61.33,0.619,0
513,130,Project 513,ai,COMPLETED,2808.21,57,15,0.634,14,10,4,2,11.33,31.45,0.714,1
514,64,Project 514,devops,IN_PROGRESS,7324.01,64,334,0.662,14,5,4,2,11.86,21.26,0.357,0
515,123,Project 515,devops,COMPLETED,8249.97,110,133,1.0,19,14,7,2,13.45,30.13,0.737,1
516,168,Project 516,data,COMPLETED,800.0,50,217,0.952,9,8,1,1,6.84,1.27,0.889,1
517,162,Project 517,web,IN_PROGRESS,7643.15,135,19,0.506,24,18,1,2,8.55,15.96,0.75,1
518,173,Project 518,ai,COMPLETED,3378.37,91,321,0.778,7,7,2,1,10.86,18.69,1.0,1
519,50,Project 519,data,COMPLETED,7334.34,64,135,0.955,5,5,1,1,13.04,37.63,1.0,1
520,45,Project 520,design,IN_PROGRESS,2744.96,75,90,1.0,13,11,4,1,11.6,25.95,0.846,0
521,7,Project 521,web,COMPLETED,7330.38,86,205,0.82,13,5,2,1,17.59,33.1,0.385,1
522,5,Project 522,design,IN_PROGRESS,9750.25,79,108,0.93,11,7,4,2,10.46,27.76,0.636,0
523,107,Project 523,mobile,COMPLETED,808.67,103,67,0.633,15,7,2,1,12.62,16.58,0.467,1
524,93,Project 524,design,COMPLETED,3022.34,110,347,0.96,6,5,1,1,13.74,33.47,0.833,1
525,39,Project 525,qa,COMPLETED,4533.08,153,353,1.0,15,12,0,2,8.78,17.45,0.8,1
526,188,Project 526,devops,COMPLETED,6148.37,128,207,1.0,16,10,5,1,12.51,19.89,0.625,1
527,146,Project 527,data,COMPLETED,10175.17,159,38,0.677,20,13,6,2,11.5,28.86,0.65,1
528,17,Project 528,ai,IN_PROGRESS,3894.53,120,90,0.964,5,2,2,1,3.01,0.0,0.4,0
529,211,Project 529,data,IN_PROGRESS,5511.05,168,66,0.688,4,2,1,0,9.03,23.53,0.5,1
530,166,Project 530,qa,COMPLETED,4028.8,33,344,1.0,15,11,5,4,7.26,13.67,0.733,1
531,82,Project 531,design,COMPLETED,9406.78,117,232,0.818,16,10,3,2,10.87,19.55,0.625,1
532,177,Project 532,web,COMPLETED,800.0,42,20,0.562,15,9,1,3,6.03,16.43,0.6,1
533,214,Project 533,data,COMPLETED,4746.86,76,239,0.828,6,3,2,1,9.91,14.16,0.5,1
534,15,Project 534,data,COMPLETED,6666.24,47,41,0.697,22,16,1,2,12.92,37.88,0.727,1
535,108,Project 535,data,COMPLETED,3560.37,92,165,0.72,15,10,7,1,5.66,11.8,0.667,1
536,206,Project 536,qa,COMPLETED,8922.14,162,110,1.0,13,13,0,3,13.83,34.73,1.0,1
537,85,Project 537,ai,COMPLETED,7346.21,100,260,0.908,8,5,2,0,9.52,14.55,0.625,1
538,191,Project 538,ai,IN_PROGRESS,4836.19,101,62,1.0,12,8,0,0,11.78,14.41,0.667,1
539,146,Project 539,web,COMPLETED,5774.94,66,56,0.679,24,11,3,4,3.32,0.79,0.458,1
540,143,Project 540,design,COMPLETED,3591.25,39,295,0.873,20,20,8,2,10.72,17.15,1.0,1
541,1,Project 541,web,COMPLETED,9834.89,165,203,0.693,23,21,9,4,1.98,3.99,0.913,1
542,113,Project 542,design,COMPLETED,1557.31,131,265,0.689,17,8,3,0,8.59,5.41,0.471,1
543,108,Project 543,devops,COMPLETED,3625.77,150,156,0.846,5,2,2,0,10.16,13.1,0.4,1
544,102,Project 544,mobile,COMPLETED,9510.39,64,303,0.695,22,20,9,0,8.49,26.82,0.909,1
545,98,Project 545,devops,COMPLETED,7947.61,47,181,1.0,21,13,0,1,9.65,13.67,0.619,1
546,164,Project 546,qa,COMPLETED,1157.56,140,340,1.0,13,8,4,0,13.47,22.13,0.615,1
547,92,Project 547,qa,IN_PROGRESS,3368.39,49,285,0.967,8,5,1,1,11.86,36.25,0.625,1
548,50,Project 548,mobile,COMPLETED,8377.53,137,230,0.581,23,15,9,2,3.81,21.98,0.652,1
549,113,Project 549,data,COMPLETED,2603.52,23,342,0.969,17,9,7,1,9.99,22.88,0.529,1
550,129,Project 550,mobile,COMPLETED,3924.01,120,198,0.676,4,2,0,0,12.59,17.22,0.5,1
551,94,Project 551,devops,COMPLETED,9873.46,135,168,0.962,25,20,5,3,9.15,0.0,0.8,1
552,183,Project 552,data,COMPLETED,9500.96,161,128,0.69,22,13,4,5,10.81,27.42,0.591,1
553,167,Project 553,qa,COMPLETED,10254.65,65,68,1.0,5,4,1,1,10.2,23.95,0.8,1
554,54,Project 554,qa,COMPLETED,3152.55,124,135,1.0,25,16,5,4,14.15,11.92,0.64,1
555,160,Project 555,data,COMPLETED,4936.99,28,37,0.848,25,21,6,1,10.95,11.86,0.84,1
556,55,Project 556,qa,COMPLETED,7453.6,51,348,0.921,8,7,3,0,10.55,2.01,0.875,1
557,156,Project 557,devops,COMPLETED,800.0,86,68,0.745,5,4,0,0,17.22,17.51,0.8,1
558,93,Project 558,mobile,IN_PROGRESS,800.0,110,355,0.583,7,3,0,1,11.73,13.39,0.429,1
559,29,Project 559,devops,COMPLETED,3292.46,91,332,1.0,8,8,0,1,4.7,14.73,1.0,1
560,118,Project 560,qa,COMPLETED,1108.9,139,134,1.0,19,11,7,1,14.19,28.46,0.579,1
561,209,Project 561,data,IN_PROGRESS,5494.9,153,231,0.972,22,11,3,5,8.56,24.32,0.5,0
562,202,Project 562,devops,COMPLETED,4243.39,76,324,1.0,6,5,1,0,12.39,29.12,0.833,1
563,5,Project 563,ai,COMPLETED,4823.23,70,89,0.869,21,16,7,3,11.71,11.06,0.762,1
564,120,Project 564,data,COMPLETED,4282.6,27,21,0.441,8,6,1,0,8.46,16.2,0.75,1
565,129,Project 565,mobile,COMPLETED,3256.86,27,337,0.856,10,7,4,0,12.04,26.59,0.7,1
566,38,Project 566,ai,COMPLETED,6986.2,118,280,0.854,14,7,0,1,9.13,24.12,0.5,1
567,166,Project 567,web,COMPLETED,3213.49,115,258,0.824,8,4,2,1,6.15,0.11,0.5,1
568,95,Project 568,mobile,IN_PROGRESS,877.82,60,158,0.617,24,16,1,5,8.65,35.53,0.667,1
569,127,Project 569,ai,COMPLETED,1086.44,89,196,0.789,20,16,7,4,12.26,24.46,0.8,1
570,181,Project 570,design,IN_PROGRESS,3820.99,129,246,0.716,9,6,3,1,9.52,0.0,0.667,0
571,148,Project 571,data,COMPLETED,9622.37,23,209,0.956,20,13,2,1,12.32,47.79,0.65,1
572,166,Project 572,design,COMPLETED,3051.7,81,128,0.738,24,16,1,2,7.42,22.1,0.667,1
573,93,Project 573,web,COMPLETED,4504.2,94,139,0.631,14,6,1,1,15.59,31.43,0.429,1
574,94,Project 574,data,IN_PROGRESS,8103.64,156,174,0.754,24,23,6,5,8.24,16.34,0.958,1
575,145,Project 575,ai,COMPLETED,4848.23,98,85,0.898,8,7,0,0,12.76,18.02,0.875,1
576,169,Project 576,data,COMPLETED,8737.14,160,132,0.955,11,11,4,1,10.98,2.93,1.0,1
577,206,Project 577,data,COMPLETED,6671.85,33,330,1.0,18,16,2,1,15.38,26.5,0.889,1
578,123,Project 578,qa,COMPLETED,6187.64,135,224,1.0,20,13,9,2,7.54,19.73,0.65,1
579,59,Project 579,qa,COMPLETED,6882.0,125,324,1.0,14,11,0,1,9.94,28.78,0.786,1
580,201,Project 580,design,IN_PROGRESS,5536.59,98,10,1.0,14,6,6,0,11.7,36.91,0.429,0
581,80,Project 581,devops,COMPLETED,5774.36,151,19,1.0,20,14,6,0,10.94,22.25,0.7,1
582,56,Project 582,data,COMPLETED,9687.26,58,224,0.611,6,6,2,1,13.19,41.96,1.0,1
583,122,Project 583,design,COMPLETED,3867.59,154,104,0.912,7,6,1,1,5.13,23.39,0.857,1
584,27,Project 584,design,COMPLETED,4926.79,56,262,0.858,8,4,1,1,12.28,40.03,0.5,1
585,127,Project 585,data,COMPLETED,2937.33,143,251,0.82,14,11,5,1,5.33,10.88,0.786,1
586,120,Project 586,design,IN_PROGRESS,1704.87,58,53,0.66,13,6,3,1,8.22,18.98,0.462,0
587,29,Project 587,design,COMPLETED,6316.24,134,102,1.0,25,18,0,6,8.5,16.57,0.72,1
588,140,Project 588,devops,COMPLETED,8575.78,118,333,1.0,12,12,4,3,15.2,20.04,1.0,1
589,184,Project 589,qa,IN_PROGRESS,4900.32,75,72,1.0,7,5,0,1,9.36,26.28,0.714,1
590,113,Project 590,web,COMPLETED,800.0,126,11,0.412,16,11,6,2,8.21,13.58,0.688,1
591,26,Project 591,data,IN_PROGRESS,7491.29,51,73,1.0,5,3,1,0,7.52,22.26,0.6,0
592,144,Project 592,data,COMPLETED,6531.85,39,30,0.586,5,5,1,1,10.02,0.0,1.0,1
593,185,Project 593,devops,IN_PROGRESS,6367.19,123,10,0.757,22,20,0,2,6.36,0.0,0.909,1
594,93,Project 594,mobile,COMPLETED,2655.47,61,58,0.685,15,13,0,1,7.43,23.48,0.867,1
595,5,Project 595,devops,COMPLETED,8333.16,96,168,1.0,23,19,8,5,6.0,22.71,0.826,1
596,183,Project 596,devops,CANCELLED,11691.52,115,129,1.0,10,6,3,2,9.95,42.42,0.6,0
597,68,Project 597,design,OPEN,6702.4,40,280,0.689,16,8,7,3,8.35,15.02,0.5,0
598,58,Project 598,devops,IN_PROGRESS,3363.72,41,196,1.0,4,3,1,1,10.51,4.78,0.75,0
599,33,Project 599,web,COMPLETED,4180.52,48,130,0.295,12,6,2,1,8.79,22.29,0.5,1
600,123,Project 600,data,CANCELLED,7965.85,161,363,0.89,15,10,2,3,9.92,21.79,0.667,0
601,183,Project 601,data,COMPLETED,9488.24,30,94,0.728,8,8,1,1,13.98,30.49,1.0,1
602,35,Project 602,devops,COMPLETED,6950.65,89,198,0.736,21,20,7,2,10.4,19.46,0.952,1
603,63,Project 603,devops,COMPLETED,5850.96,56,212,0.81,11,8,4,2,13.03,43.65,0.727,1
604,161,Project 604,ai,COMPLETED,1618.29,62,241,0.841,16,13,2,1,10.37,17.25,0.812,1
605,102,Project 605,devops,COMPLETED,7700.36,97,198,1.0,20,8,0,1,13.36,30.83,0.4,1
606,198,Project 606,devops,COMPLETED,5537.72,20,272,0.952,15,10,4,1,12.58,31.15,0.667,1
607,123,Project 607,ai,COMPLETED,5182.13,57,71,0.796,10,10,2,0,4.72,10.83,1.0,1
608,81,Project 608,data,OPEN,2496.0,101,203,0.799,4,2,1,1,9.45,0.0,0.5,0
609,208,Project 609,devops,COMPLETED,5415.74,133,102,0.892,4,2,1,1,10.96,25.78,0.5,1
610,15,Project 610,web,COMPLETED,3872.79,28,157,0.649,23,10,2,0,10.57,22.77,0.435,1
611,200,Project 611,qa,COMPLETED,10039.75,105,16,0.887,22,20,4,0,11.2,30.95,0.909,1
612,43,Project 612,mobile,IN_PROGRESS,10793.53,121,58,0.538,8,3,1,1,8.45,17.84,0.375,1
613,74,Project 613,devops,IN_PROGRESS,3963.82,109,161,0.886,8,4,3,0,5.36,29.19,0.5,1
614,195,Project 614,ai,IN_PROGRESS,4426.42,27,181,0.918,11,10,3,2,13.9,45.33,0.909,1
615,65,Project 615,devops,COMPLETED,5891.55,133,5,0.901,21,16,8,4,9.14,14.95,0.762,1
616,170,Project 616,devops,COMPLETED,9832.04,88,88,1.0,11,10,1,1,10.57,40.29,0.909,1
617,147,Project 617,devops,COMPLETED,1168.51,74,142,0.971,6,5,1,1,12.51,5.75,0.833,1
618,55,Project 618,mobile,COMPLETED,8488.13,108,80,0.414,15,8,5,3,3.28,10.96,0.533,1
619,7,Project 619,devops,IN_PROGRESS,11131.72,128,44,1.0,14,6,1,1,10.51,20.54,0.429,1
620,202,Project 620,design,COMPLETED,7063.74,75,316,0.816,10,5,1,1,7.33,6.22,0.5,1
621,219,Project 621,design,COMPLETED,5026.86,35,315,1.0,23,9,4,4,12.63,29.71,0.391,1
622,134,Project 622,design,COMPLETED,3845.92,54,70,0.913,12,9,0,2,6.73,5.79,0.75,1
623,97,Project 623,design,CANCELLED,8309.76,97,83,0.972,11,6,4,0,6.84,5.42,0.545,0
624,53,Project 624,ai,COMPLETED,5590.47,38,261,0.813,11,7,2,3,12.33,11.41,0.636,1
625,172,Project 625,data,IN_PROGRESS,5367.01,166,40,0.769,5,3,0,0,8.61,13.15,0.6,1
626,189,Project 626,web,COMPLETED,6668.88,82,24,0.593,21,15,2,1,5.79,23.32,0.714,1
627,155,Project 627,ai,COMPLETED,9247.64,52,27,0.879,12,8,5,2,8.54,14.54,0.667,1
628,4,Project 628,data,IN_PROGRESS,800.0,116,289,0.922,25,21,11,2,8.2,38.13,0.84,1
629,119,Project 629,web,COMPLETED,5485.62,155,189,0.929,11,7,3,0,11.03,31.46,0.636,1
630,118,Project 630,data,COMPLETED,1043.11,104,363,0.87,24,21,7,2,10.93,21.06,0.875,1
631,143,Project 631,mobile,COMPLETED,10140.67,43,117,0.851,8,4,0,1,13.03,29.55,0.5,1
632,128,Project 632,ai,COMPLETED,8098.73,60,220,0.741,8,3,1,1,6.58,16.84,0.375,1
633,87,Project 633,data,IN_PROGRESS,9156.83,55,316,0.999,24,20,8,0,13.39,26.12,0.833,1
634,11,Project 634,data,COMPLETED,6135.04,114,66,0.744,13,12,4,0,19.19,35.05,0.923,1
635,206,Project 635,design,COMPLETED,4743.21,94,69,1.0,9,7,3,0,13.15,16.91,0.778,1
636,87,Project 636,ai,COMPLETED,5750.32,85,66,0.486,22,10,6,5,4.59,7.89,0.455,1
637,70,Project 637,devops,IN_PROGRESS,9144.15,95,257,1.0,9,3,3,1,6.27,31.64,0.333,0
638,154,Project 638,design,COMPLETED,3682.11,140,354,0.836,24,21,6,5,8.95,15.72,0.875,1
639,105,Project 639,qa,IN_PROGRESS,5081.91,149,334,1.0,18,7,3,3,10.67,16.44,0.389,0
640,7,Project 640,mobile,COMPLETED,7251.07,124,55,0.61,11,10,4,0,3.35,6.01,0.909,1
641,148,Project 641,mobile,IN_PROGRESS,6956.59,165,291,0.772,23,13,6,4,11.24,23.92,0.565,1
642,191,Project 642,ai,COMPLETED,3322.48,66,293,0.703,25,24,2,6,4.44,2.84,0.96,1
643,152,Project 643,web,IN_PROGRESS,7212.57,69,228,0.978,14,10,4,2,10.9,53.25,0.714,0
644,190,Project 644,devops,COMPLETED,9802.86,95,186,1.0,24,16,2,6,11.48,17.05,0.667,1
645,153,Project 645,ai,IN_PROGRESS,3727.13,111,115,1.0,16,6,4,1,13.1,40.94,0.375,1
646,164,Project 646,data,IN_PROGRESS,4890.14,34,174,0.87,23,16,3,3,14.82,48.01,0.696,1
647,97,Project 647,ai,IN_PROGRESS,6475.37,109,149,0.919,5,2,2,0,16.81,28.22,0.4,0
648,124,Project 648,web,COMPLETED,6904.59,60,143,0.586,24,19,8,4,13.85,37.97,0.792,1
649,191,Project 649,data,IN_PROGRESS,4044.4,151,54,0.666,21,18,8,1,8.46,16.66,0.857,1
650,23,Project 650,qa,OPEN,7561.02,21,251,1.0,19,13,8,1,6.63,10.79,0.684,0
651,117,Project 651,web,COMPLETED,4381.94,22,47,0.772,23,10,1,1,8.3,7.07,0.435,1
652,188,Project 652,web,COMPLETED,7426.34,55,163,0.602,5,2,1,1,8.65,4.14,0.4,1
653,170,Project 653,ai,COMPLETED,5653.1,101,12,0.547,4,2,1,1,6.06,4.67,0.5,1
654,72,Project 654,design,OPEN,10028.63,147,78,0.98,12,4,1,1,10.68,12.76,0.333,0
655,124,Project 655,data,IN_PROGRESS,8012.84,96,215,0.865,20,15,6,2,10.23,10.67,0.75,1
656,48,Project 656,mobile,COMPLETED,6650.13,37,50,1.0,16,9,0,4,16.04,43.04,0.562,1
657,169,Project 657,qa,COMPLETED,10534.29,30,327,0.846,25,15,3,0,7.06,19.96,0.6,1
658,47,Project 658,mobile,COMPLETED,4418.3,109,74,0.594,4,3,1,1,6.23,0.72,0.75,1
659,91,Project 659,design,COMPLETED,10014.33,117,46,1.0,4,3,1,1,8.7,20.12,0.75,1
660,147,Project 660,web,COMPLETED,1916.75,161,100,0.857,22,16,8,4,2.94,0.0,0.727,1
661,30,Project 661,design,COMPLETED,4344.83,134,338,1.0,17,8,6,3,8.65,21.45,0.471,1
662,42,Project 662,ai,COMPLETED,6740.64,95,306,0.56,17,9,4,4,7.11,2.48,0.529,1
663,71,Project 663,ai,COMPLETED,4648.65,116,168,0.903,10,7,4,0,12.96,35.69,0.7,1
664,91,Project 664,qa,IN_PROGRESS,10090.64,130,120,1.0,13,7,0,1,13.53,33.65,0.538,1
665,65,Project 665,ai,IN_PROGRESS,4287.11,38,29,0.559,6,3,2,1,7.89,27.11,0.5,1
666,133,Project 666,web,IN_PROGRESS,4495.97,89,248,0.481,19,10,2,4,7.72,20.34,0.526,0
667,126,Project 667,design,IN_PROGRESS,1642.12,82,159,0.602,12,6,3,2,10.4,26.09,0.5,1
668,152,Project 668,qa,IN_PROGRESS,4372.25,45,201,0.974,12,9,0,1,13.95,32.23,0.75,1
669,161,Project 669,mobile,COMPLETED,4909.14,77,326,0.804,10,6,1,1,10.5,7.21,0.6,1
670,88,Project 670,mobile,IN_PROGRESS,6314.16,158,218,0.766,7,3,1,1,8.52,16.57,0.429,1
671,58,Project 671,qa,IN_PROGRESS,5544.67,79,249,0.969,16,13,1,3,12.7,10.05,0.812,1
672,151,Project 672,qa,COMPLETED,5970.17,61,32,1.0,5,2,0,1,10.15,21.9,0.4,1
673,210,Project 673,design,COMPLETED,1801.53,141,279,1.0,8,4,2,2,14.44,34.1,0.5,1
674,170,Project 674,qa,IN_PROGRESS,3106.12,133,333,1.0,10,8,1,1,14.61,29.36,0.8,1
675,137,Project 675,devops,COMPLETED,6616.66,111,190,1.0,4,3,1,0,9.65,28.12,0.75,1
676,208,Project 676,qa,COMPLETED,2348.1,157,23,1.0,4,3,1,1,7.47,21.67,0.75,1
677,5,Project 677,qa,IN_PROGRESS,7278.1,149,297,1.0,9,4,0,2,8.63,11.76,0.444,0
678,74,Project 678,mobile,COMPLETED,7597.35,129,188,0.847,17,10,6,4,9.96,6.7,0.588,1
679,181,Project 679,qa,IN_PROGRESS,2613.52,95,56,0.883,5,5,0,0,12.25,24.12,1.0,1
680,75,Project 680,ai,COMPLETED,7645.61,47,90,0.721,18,11,7,2,9.47,28.93,0.611,1
681,25,Project 681,ai,COMPLETED,3474.78,122,71,0.749,21,17,1,2,4.4,4.96,0.81,1
682,186,Project 682,ai,IN_PROGRESS,800.0,57,1,0.903,23,18,10,4,9.67,0.0,0.783,1
683,57,Project 683,ai,IN_PROGRESS,8745.22,42,181,1.0,8,3,1,0,11.78,18.99,0.375,0
684,100,Project 684,mobile,COMPLETED,5887.92,112,75,0.913,12,5,2,3,7.36,12.14,0.417,1
685,140,Project 685,qa,IN_PROGRESS,6557.36,83,166,1.0,15,11,2,2,9.96,22.36,0.733,1
686,195,Project 686,design,COMPLETED,2256.84,160,324,0.855,5,4,0,1,9.71,10.59,0.8,1
687,5,Project 687,qa,COMPLETED,6429.97,151,284,0.861,4,2,1,0,10.47,23.53,0.5,1
688,70,Project 688,ai,IN_PROGRESS,6415.99,62,181,0.703,24,15,8,6,6.17,0.0,0.625,1
689,88,Project 689,devops,COMPLETED,10438.51,122,39,1.0,15,13,4,4,8.37,5.36,0.867,1
690,217,Project 690,qa,CANCELLED,6701.38,58,280,1.0,20,11,8,0,12.05,32.24,0.55,0
691,133,Project 691,data,COMPLETED,5149.25,73,122,0.802,12,11,3,1,7.33,4.6,0.917,1
692,134,Project 692,mobile,IN_PROGRESS,5113.49,110,349,0.783,11,10,1,1,8.36,17.33,0.909,1
693,110,Project 693,design,IN_PROGRESS,9117.26,29,36,1.0,7,5,1,2,13.36,24.18,0.714,1
694,156,Project 694,ai,COMPLETED,1709.39,104,86,0.969,10,9,4,1,13.06,20.22,0.9,1
695,213,Project 695,data,COMPLETED,5396.07,43,41,1.0,15,12,1,2,14.72,30.44,0.8,1
696,103,Project 696,data,COMPLETED,7781.9,40,263,0.851,10,6,1,2,10.12,32.15,0.6,1
697,187,Project 697,design,COMPLETED,4592.65,85,288,0.867,9,9,2,0,5.32,16.92,1.0,1
698,122,Project 698,ai,COMPLETED,4125.67,158,214,0.986,4,3,1,0,6.16,19.19,0.75,1
699,121,Project 699,qa,COMPLETED,6364.02,132,303,0.892,23,18,2,1,15.71,21.87,0.783,1
700,3,Project 700,web,COMPLETED,11478.9,54,268,0.625,5,3,1,1,13.13,49.58,0.6,1
701,180,Project 701,data,IN_PROGRESS,892.56,111,264,0.888,14,6,0,0,14.38,22.3,0.429,0
702,38,Project 702,web,IN_PROGRESS,6166.18,140,93,0.681,19,19,4,3,6.53,5.96,1.0,1
703,41,Project 703,web,IN_PROGRESS,5904.72,51,20,0.964,21,9,6,4,12.38,37.06,0.429,0
704,182,Project 704,data,COMPLETED,5840.53,165,3,0.864,5,3,1,1,12.18,0.0,0.6,1
705,136,Project 705,qa,COMPLETED,9047.51,64,191,1.0,17,6,2,1,18.08,40.84,0.353,1
706,191,Project 706,web,COMPLETED,4327.83,119,210,0.918,20,18,1,1,15.1,21.89,0.9,1
707,36,Project 707,web,COMPLETED,5293.57,52,361,0.556,16,14,5,3,11.05,13.94,0.875,1
708,24,Project 708,qa,COMPLETED,2768.32,65,175,0.876,5,5,1,1,13.43,10.62,1.0,1
709,19,Project 709,qa,IN_PROGRESS,7857.62,65,80,1.0,17,8,4,1,11.69,22.06,0.471,0
710,1,Project 710,mobile,COMPLETED,10981.33,113,189,0.656,24,11,0,4,8.39,17.24,0.458,1
711,76,Project 711,data,OPEN,7780.52,154,73,1.0,15,10,4,3,14.14,29.83,0.667,0
712,199,Project 712,qa,IN_PROGRESS,6253.55,47,125,0.925,19,11,4,3,10.47,12.96,0.579,1
713,64,Project 713,design,COMPLETED,6786.58,66,295,0.823,8,7,2,2,14.95,48.27,0.875,1
714,176,Project 714,qa,COMPLETED,4278.63,31,156,0.911,14,11,2,1,10.68,29.27,0.786,1
715,60,Project 715,design,OPEN,8424.6,71,281,1.0,17,9,3,1,9.35,9.71,0.529,0
716,47,Project 716,devops,COMPLETED,3278.72,34,287,0.853,12,8,4,2,8.25,0.99,0.667,1
717,114,Project 717,web,COMPLETED,8512.72,76,7,0.592,19,15,1,2,9.15,11.57,0.789,1
718,155,Project 718,devops,CANCELLED,9236.96,31,123,0.952,18,11,6,3,10.61,37.52,0.611,0
719,157,Project 719,qa,COMPLETED,9582.04,137,10,1.0,20,11,5,4,4.36,7.0,0.55,1
720,62,Project 720,web,COMPLETED,1006.34,105,90,0.599,20,17,6,4,8.21,10.1,0.85,1
721,165,Project 721,mobile,COMPLETED,5116.03,61,112,0.63,23,21,6,5,10.61,32.34,0.913,1
722,13,Project 722,web,COMPLETED,8115.45,74,339,0.628,24,23,2,2,10.0,32.92,0.958,1
723,129,Project 723,data,IN_PROGRESS,3982.61,90,270,0.681,18,11,7,3,10.34,27.16,0.611,1
724,219,Project 724,ai,COMPLETED,7165.08,130,213,0.918,15,7,4,1,9.23,6.24,0.467,1
725,30,Project 725,mobile,COMPLETED,5577.76,147,154,0.694,12,7,2,2,10.15,29.18,0.583,1
726,152,Project 726,ai,IN_PROGRESS,5628.76,148,49,0.673,7,2,3,1,11.89,29.75,0.286,0
727,102,Project 727,design,COMPLETED,3882.4,148,30,0.503,6,5,0,1,6.61,9.93,0.833,1
728,116,Project 728,data,COMPLETED,4869.07,112,118,0.736,20,15,8,0,7.21,31.35,0.75,1
729,23,Project 729,ai,CANCELLED,7964.91,57,133,0.788,19,8,6,0,12.73,28.26,0.421,0
730,31,Project 730,ai,IN_PROGRESS,6485.02,163,115,0.556,21,8,6,1,10.53,17.86,0.381,1
731,194,Project 731,mobile,COMPLETED,5694.14,58,30,0.711,12,11,1,1,11.9,30.7,0.917,1
732,79,Project 732,devops,COMPLETED,2802.54,120,287,1.0,25,12,0,3,16.11,20.52,0.48,1
733,199,Project 733,qa,COMPLETED,6213.72,124,189,0.845,15,14,7,0,6.43,0.0,0.933,1
734,78,Project 734,data,COMPLETED,1159.51,100,206,0.737,20,15,8,4,8.45,32.75,0.75,1
735,174,Project 735,web,IN_PROGRESS,2335.36,127,182,0.762,9,8,3,0,4.27,0.7,0.889,1
736,218,Project 736,qa,COMPLETED,3712.87,72,300,0.934,7,7,3,2,11.03,8.16,1.0,1
737,201,Project 737,ai,COMPLETED,7043.12,24,65,0.719,5,3,2,1,11.44,25.8,0.6,1
738,204,Project 738,qa,COMPLETED,5126.48,130,324,0.949,13,9,4,1,8.68,15.33,0.692,1
739,215,Project 739,data,OPEN,3915.06,81,69,0.875,15,10,1,4,14.17,30.36,0.667,0
740,120,Project 740,web,IN_PROGRESS,800.0,118,248,0.286,17,9,6,2,8.27,16.81,0.529,0
741,184,Project 741,devops,IN_PROGRESS,4865.68,59,210,1.0,24,15,0,1,9.53,28.23,0.625,1
742,58,Project 742,design,COMPLETED,7136.33,159,262,0.65,15,14,5,0,7.12,5.22,0.933,1
743,177,Project 743,design,COMPLETED,2288.55,70,96,1.0,18,16,2,3,14.05,41.78,0.889,1
744,113,Project 744,web,COMPLETED,3179.13,151,24,0.547,16,6,6,0,12.02,31.72,0.375,1
745,144,Project 745,data,IN_PROGRESS,2557.05,122,59,0.816,11,9,2,0,7.46,19.96,0.818,1
746,163,Project 746,ai,IN_PROGRESS,7242.21,161,92,0.902,15,11,4,2,13.01,16.31,0.733,1
747,24,Project 747,devops,IN_PROGRESS,2076.48,75,193,1.0,12,6,3,2,10.03,18.35,0.5,1
748,193,Project 748,data,COMPLETED,5159.22,67,230,0.677,4,3,1,1,14.05,30.26,0.75,1
749,118,Project 749,mobile,COMPLETED,3004.56,72,200,0.764,13,10,0,0,5.05,5.41,0.769,1
750,25,Project 750,mobile,OPEN,6566.62,34,86,0.922,15,8,5,1,11.06,26.25,0.533,0
751,38,Project 751,web,IN_PROGRESS,6067.49,90,126,0.61,20,9,4,3,6.86,0.94,0.45,0
752,72,Project 752,web,COMPLETED,10323.01,145,222,0.567,21,14,3,2,15.48,30.09,0.667,1
753,153,Project 753,web,COMPLETED,3117.15,150,92,0.885,15,9,4,1,12.68,9.42,0.6,1
754,99,Project 754,web,COMPLETED,8973.27,44,319,0.604,17,15,5,4,11.21,23.73,0.882,1
755,197,Project 755,data,COMPLETED,5123.94,83,106,0.837,11,10,2,3,16.23,32.32,0.909,1
756,94,Project 756,devops,COMPLETED,8892.28,160,230,0.797,17,7,8,3,7.9,2.58,0.412,1
757,7,Project 757,data,COMPLETED,9555.36,94,6,1.0,9,8,2,1,11.27,20.79,0.889,1
758,135,Project 758,qa,CANCELLED,5281.44,48,278,0.904,9,4,2,2,11.55,22.42,0.444,0
759,31,Project 759,ai,COMPLETED,5613.4,89,90,0.451,19,13,2,1,13.82,24.86,0.684,1
760,64,Project 760,ai,COMPLETED,10395.23,160,285,0.747,8,5,3,1,8.96,7.2,0.625,1
761,180,Project 761,ai,COMPLETED,1069.58,92,297,0.688,12,9,1,1,11.75,21.09,0.75,1
762,162,Project 762,qa,IN_PROGRESS,7400.61,92,125,0.967,7,4,3,1,9.51,5.72,0.571,0
763,215,Project 763,ai,COMPLETED,6854.36,41,277,0.502,4,3,0,1,11.36,26.69,0.75,1
764,99,Project 764,devops,COMPLETED,8614.17,166,158,0.714,21,13,1,4,3.11,0.0,0.619,1
765,108,Project 765,design,COMPLETED,1501.71,102,249,0.905,8,5,0,1,13.23,22.12,0.625,1
766,38,Project 766,data,COMPLETED,5375.81,116,128,0.631,20,15,4,4,9.46,15.39,0.75,1
767,141,Project 767,design,COMPLETED,7830.2,142,277,1.0,24,18,5,3,10.25,15.85,0.75,1
768,130,Project 768,web,COMPLETED,2291.28,117,18,0.692,17,14,4,3,12.56,31.54,0.824,1
769,77,Project 769,design,COMPLETED,2326.9,89,301,1.0,5,4,2,1,8.16,10.22,0.8,1
770,7,Project 770,mobile,IN_PROGRESS,6616.69,73,312,0.773,25,24,0,4,7.95,22.43,0.96,1
771,188,Project 771,mobile,COMPLETED,8428.74,150,300,0.687,21,16,1,5,6.74,0.0,0.762,1
772,30,Project 772,data,COMPLETED,2992.56,131,329,0.687,19,9,2,4,8.01,6.88,0.474,1
773,65,Project 773,ai,COMPLETED,7360.19,34,343,0.71,21,8,3,4,9.12,28.16,0.381,1
774,105,Project 774,data,COMPLETED,5110.17,135,299,0.92,6,5,1,1,8.18,7.32,0.833,1
775,87,Project 775,devops,COMPLETED,6850.46,142,272,0.827,6,5,3,1,10.96,6.63,0.833,1
776,101,Project 776,mobile,COMPLETED,6190.58,47,296,0.86,11,4,5,2,8.79,16.14,0.364,1
777,175,Project 777,qa,IN_PROGRESS,6000.98,51,155,1.0,21,11,6,4,6.3,17.43,0.524,1
778,56,Project 778,data,COMPLETED,11887.39,121,110,1.0,24,20,4,0,13.99,35.33,0.833,1
779,175,Project 779,web,COMPLETED,5853.68,157,0,0.596,10,6,2,1,8.61,18.5,0.6,1
780,34,Project 780,ai,COMPLETED,6945.02,101,88,0.653,17,7,3,1,11.46,12.59,0.412,1
781,7,Project 781,data,COMPLETED,10130.62,160,26,1.0,22,13,8,3,8.11,12.72,0.591,1
782,15,Project 782,web,IN_PROGRESS,7444.69,144,206,0.461,21,8,4,5,11.77,19.59,0.381,0
783,176,Project 783,mobile,COMPLETED,5806.81,71,28,0.703,4,2,1,1,9.76,0.0,0.5,1
784,180,Project 784,design,COMPLETED,3388.36,115,271,0.636,11,9,1,1,7.8,20.44,0.818,1
785,92,Project 785,web,CANCELLED,7828.74,65,261,0.682,19,7,8,1,12.86,18.33,0.368,0
786,193,Project 786,mobile,IN_PROGRESS,3456.62,143,31,0.739,22,19,4,4,8.4,28.97,0.864,1
787,53,Project 787,web,COMPLETED,6005.24,66,309,0.492,4,2,0,1,8.49,27.01,0.5,1
788,122,Project 788,design,COMPLETED,2059.13,27,15,1.0,17,7,1,3,12.68,2.12,0.412,1
789,9,Project 789,ai,IN_PROGRESS,7108.82,87,296,0.802,6,3,0,1,7.5,26.56,0.5,1
790,4,Project 790,devops,IN_PROGRESS,5369.23,150,209,0.752,12,10,0,2,14.76,20.19,0.833,1
791,122,Project 791,web,COMPLETED,3231.49,117,35,0.584,14,12,2,3,7.16,11.47,0.857,1
792,76,Project 792,qa,COMPLETED,4864.6,87,162,1.0,25,24,2,4,14.26,20.68,0.96,1
793,184,Project 793,devops,COMPLETED,6518.77,57,344,1.0,20,17,2,2,11.36,2.65,0.85,1
794,51,Project 794,data,COMPLETED,8329.16,51,320,0.638,14,11,0,2,7.71,12.44,0.786,1
795,111,Project 795,devops,COMPLETED,10007.62,123,99,0.727,10,4,1,2,13.36,28.18,0.4,1
796,97,Project 796,devops,COMPLETED,9242.74,51,180,1.0,13,8,5,0,7.18,11.17,0.615,1
797,158,Project 797,web,COMPLETED,7690.74,151,61,0.615,18,11,4,4,6.62,12.9,0.611,1
798,129,Project 798,mobile,IN_PROGRESS,4887.43,158,225,0.766,7,4,2,1,11.23,42.03,0.571,0
799,17,Project 799,devops,COMPLETED,5320.37,132,335,0.938,12,11,5,1,9.33,21.26,0.917,1
800,31,Project 800,data,COMPLETED,5659.8,115,303,0.767,16,12,4,3,11.86,34.13,0.75,1
801,160,Project 801,web,COMPLETED,5614.11,47,317,0.724,24,15,8,1,15.15,33.83,0.625,1
802,50,Project 802,ai,IN_PROGRESS,6625.08,131,10,0.679,23,21,5,2,12.32,13.74,0.913,1
803,83,Project 803,ai,IN_PROGRESS,6120.58,43,53,0.985,4,2,1,0,15.46,34.25,0.5,0
804,72,Project 804,data,OPEN,7721.11,90,20,1.0,19,7,8,4,11.26,13.2,0.368,0
805,45,Project 805,design,IN_PROGRESS,5083.78,145,44,0.883,20,11,8,4,7.94,0.0,0.55,0
806,218,Project 806,qa,IN_PROGRESS,5902.34,21,184,1.0,5,3,2,0,5.38,0.0,0.6,1
807,77,Project 807,mobile,COMPLETED,2480.86,68,295,0.738,18,13,2,4,8.65,8.37,0.722,1
808,9,Project 808,devops,COMPLETED,4673.9,57,184,0.983,21,13,9,5,9.65,46.58,0.619,1
809,59,Project 809,design,COMPLETED,8682.15,134,197,0.848,20,19,5,2,9.0,6.46,0.95,1
810,64,Project 810,design,IN_PROGRESS,6149.17,87,39,1.0,24,11,0,1,14.07,5.75,0.458,0
811,196,Project 811,mobile,COMPLETED,8809.05,79,350,0.732,20,20,8,4,9.68,11.61,1.0,1
812,170,Project 812,devops,COMPLETED,5323.56,96,290,1.0,15,15,1,3,11.6,35.93,1.0,1
813,171,Project 813,qa,COMPLETED,1429.77,145,342,0.946,14,13,4,2,13.83,30.42,0.929,1
814,43,Project 814,mobile,COMPLETED,9091.99,46,56,0.643,23,21,8,3,11.64,21.85,0.913,1
815,171,Project 815,devops,IN_PROGRESS,3718.72,38,308,0.951,5,4,2,1,17.69,35.39,0.8,1
816,172,Project 816,qa,COMPLETED,3478.21,87,79,0.748,14,13,4,1,9.44,25.46,0.929,1
817,194,Project 817,data,COMPLETED,10017.34,166,232,0.761,10,8,0,2,15.33,36.92,0.8,1
818,201,Project 818,mobile,COMPLETED,7013.78,107,286,0.863,12,11,3,2,11.51,25.86,0.917,1
819,185,Project 819,mobile,COMPLETED,7743.03,161,228,0.359,11,5,4,1,3.08,2.28,0.455,1
820,11,Project 820,devops,CANCELLED,5314.39,117,335,1.0,20,13,3,2,13.99,37.67,0.65,0
821,111,Project 821,ai,COMPLETED,9147.68,119,25,0.851,18,15,5,1,11.09,31.79,0.833,1
822,22,Project 822,devops,COMPLETED,10228.61,71,198,0.847,4,3,0,1,15.96,52.03,0.75,1
823,176,Project 823,ai,COMPLETED,2434.19,107,294,0.865,4,2,1,1,9.62,10.85,0.5,1
824,135,Project 824,data,IN_PROGRESS,10139.98,136,360,0.519,25,9,11,6,8.39,36.51,0.36,0
825,87,Project 825,devops,COMPLETED,9228.86,31,255,0.942,19,10,8,0,6.91,15.99,0.526,1
826,173,Project 826,qa,COMPLETED,5985.1,56,257,1.0,15,11,6,3,10.42,19.54,0.733,1
827,72,Project 827,mobile,COMPLETED,11984.89,116,338,0.645,20,12,1,3,9.4,10.44,0.6,1
828,81,Project 828,web,COMPLETED,3524.44,58,211,0.646,22,14,4,2,4.04,13.6,0.636,1
829,218,Project 829,design,COMPLETED,5333.47,28,310,1.0,24,13,1,1,6.76,0.39,0.542,1
830,125,Project 830,web,COMPLETED,5167.95,96,18,0.392,12,12,1,2,13.15,36.95,1.0,1
831,194,Project 831,data,COMPLETED,5606.39,128,64,0.717,17,11,1,2,9.07,12.62,0.647,1
832,21,Project 832,data,COMPLETED,1958.58,21,52,1.0,15,7,6,3,13.86,29.63,0.467,1
833,94,Project 833,design,COMPLETED,8094.64,151,246,1.0,4,3,1,0,12.82,35.82,0.75,1
834,67,Project 834,design,COMPLETED,6442.84,106,334,0.812,23,9,2,5,9.67,14.39,0.391,1
835,56,Project 835,mobile,IN_PROGRESS,11359.64,55,91,0.475,17,11,8,0,9.83,7.02,0.647,1
836,218,Project 836,mobile,COMPLETED,5911.45,121,317,0.888,18,8,2,4,14.23,33.39,0.444,1
837,182,Project 837,design,COMPLETED,2573.21,35,294,1.0,11,10,4,3,11.72,29.46,0.909,1
838,117,Project 838,qa,COMPLETED,7368.57,67,175,0.971,25,25,10,3,14.61,42.87,1.0,1
839,152,Project 839,data,COMPLETED,7745.02,50,292,0.846,22,9,6,2,11.99,19.19,0.409,1
840,159,Project 840,design,COMPLETED,2953.03,153,267,0.867,24,21,2,0,17.86,44.13,0.875,1
841,101,Project 841,devops,COMPLETED,9213.17,70,26,0.923,17,12,7,1,6.37,0.0,0.706,1
842,21,Project 842,data,COMPLETED,2393.51,74,111,0.705,9,6,2,0,6.47,4.09,0.667,1
843,51,Project 843,devops,IN_PROGRESS,8993.43,38,50,0.977,22,10,7,1,7.23,7.28,0.455,0
844,174,Project 844,mobile,COMPLETED,4249.9,126,260,0.704,4,2,1,1,11.23,0.0,0.5,1
845,145,Project 845,mobile,COMPLETED,5910.19,85,87,0.99,6,5,1,0,14.54,31.99,0.833,1
846,141,Project 846,ai,COMPLETED,7246.93,52,241,0.625,16,12,3,4,4.12,0.0,0.75,1
847,86,Project 847,design,COMPLETED,8182.61,20,42,1.0,14,9,5,3,14.53,20.83,0.643,1
848,101,Project 848,design,COMPLETED,6256.02,164,175,0.941,25,15,10,4,12.58,26.24,0.6,1
849,6,Project 849,design,COMPLETED,2873.5,78,85,0.67,5,2,2,1,9.89,24.77,0.4,1
850,216,Project 850,qa,IN_PROGRESS,6512.5,125,294,0.763,4,2,1,1,17.59,44.8,0.5,1
851,191,Project 851,web,COMPLETED,2759.63,88,217,0.97,22,10,3,4,13.71,31.87,0.455,1
852,35,Project 852,data,CANCELLED,7367.54,51,244,0.886,24,22,9,1,13.49,26.68,0.917,0
853,6,Project 853,ai,CANCELLED,3673.25,72,125,0.252,19,12,7,1,10.41,19.69,0.632,0
854,141,Project 854,design,COMPLETED,7058.24,105,113,0.884,20,10,4,1,13.13,46.56,0.5,1
855,171,Project 855,mobile,IN_PROGRESS,3781.82,83,243,0.811,25,11,4,2,10.06,27.34,0.44,0
856,127,Project 856,web,CANCELLED,810.18,59,222,1.0,7,4,1,2,14.46,19.69,0.571,0
857,110,Project 857,design,COMPLETED,6846.7,110,322,0.906,14,8,4,2,12.31,26.37,0.571,1
858,185,Project 858,design,CANCELLED,8557.04,165,211,0.931,20,7,9,4,6.85,29.21,0.35,0
859,179,Project 859,devops,COMPLETED,1538.82,21,299,0.733,12,11,4,1,16.83,24.35,0.917,1
860,170,Project 860,devops,IN_PROGRESS,4442.0,93,246,0.766,25,16,9,4,9.53,42.94,0.64,0
861,11,Project 861,design,COMPLETED,7801.88,33,136,0.63,18,10,3,3,9.93,16.32,0.556,1
862,64,Project 862,mobile,COMPLETED,7734.76,64,266,0.522,25,21,10,5,7.17,22.22,0.84,1
863,110,Project 863,design,COMPLETED,9251.96,149,344,0.936,12,4,4,1,9.19,24.72,0.333,1
864,157,Project 864,devops,IN_PROGRESS,6923.79,166,348,0.83,23,10,6,1,5.77,5.97,0.435,1
865,156,Project 865,devops,COMPLETED,1688.91,151,29,0.77,20,18,8,4,6.7,12.03,0.9,1
866,44,Project 866,web,COMPLETED,800.0,109,263,0.666,15,15,0,3,20.36,40.55,1.0,1
867,82,Project 867,devops,COMPLETED,6383.27,114,35,0.905,9,6,1,2,6.55,0.0,0.667,1
868,38,Project 868,qa,IN_PROGRESS,6691.94,135,209,1.0,11,5,4,3,7.75,10.59,0.455,0
869,148,Project 869,qa,COMPLETED,8947.52,67,36,0.851,23,13,5,2,5.31,14.14,0.565,1
870,156,Project 870,qa,COMPLETED,2772.13,39,172,1.0,8,5,1,1,11.4,19.89,0.625,1
871,27,Project 871,ai,COMPLETED,4755.56,135,139,0.813,14,10,4,2,9.13,8.31,0.714,1
872,97,Project 872,data,COMPLETED,10097.05,24,114,0.769,21,16,6,4,0.27,4.43,0.762,1
873,167,Project 873,qa,CANCELLED,10979.83,164,197,0.939,9,5,2,1,5.74,0.0,0.556,0
874,1,Project 874,design,IN_PROGRESS,8234.12,46,223,0.712,7,3,3,1,11.39,31.39,0.429,0
875,47,Project 875,design,IN_PROGRESS,8478.28,148,12,1.0,15,11,5,1,8.55,0.91,0.733,0
876,146,Project 876,data,COMPLETED,10929.2,33,31,1.0,11,7,0,1,14.06,27.07,0.636,1
877,93,Project 877,devops,IN_PROGRESS,4387.27,59,80,1.0,17,13,3,2,10.62,14.36,0.765,1
878,23,Project 878,data,COMPLETED,11341.42,162,6,0.65,7,6,2,1,14.42,19.29,0.857,1
879,84,Project 879,qa,IN_PROGRESS,7007.73,53,306,1.0,11,5,4,2,16.78,37.66,0.455,0
880,86,Project 880,data,COMPLETED,4976.38,28,238,0.894,18,11,5,4,15.61,37.99,0.611,1
881,25,Project 881,mobile,COMPLETED,6519.79,71,6,0.742,12,5,3,3,10.85,32.14,0.417,1
882,186,Project 882,data,COMPLETED,1762.52,146,142,0.727,12,9,0,2,13.21,20.25,0.75,1
883,158,Project 883,design,COMPLETED,6180.24,42,64,0.573,13,12,5,3,7.41,7.94,0.923,1
884,131,Project 884,web,COMPLETED,6949.84,149,110,0.624,19,15,6,3,8.61,0.0,0.789,1
885,103,Project 885,qa,IN_PROGRESS,7365.1,57,284,1.0,9,5,2,2,18.05,45.47,0.556,1
886,28,Project 886,devops,COMPLETED,1117.74,96,98,0.9,8,3,2,1,10.76,33.78,0.375,1
887,124,Project 887,ai,COMPLETED,8745.47,140,152,0.763,17,14,4,2,10.06,10.56,0.824,1
888,62,Project 888,mobile,COMPLETED,7108.1,150,349,0.832,11,10,2,1,14.77,29.47,0.909,1
889,128,Project 889,data,COMPLETED,6929.63,114,123,0.789,21,17,5,1,10.88,10.51,0.81,1
890,76,Project 890,web,COMPLETED,9526.48,118,338,0.619,22,13,3,5,5.95,6.05,0.591,1
891,212,Project 891,ai,COMPLETED,7615.74,153,227,0.842,24,20,1,5,6.84,0.0,0.833,1
892,176,Project 892,qa,IN_PROGRESS,5552.72,105,9,1.0,18,7,5,2,6.53,6.26,0.389,0
893,116,Project 893,devops,COMPLETED,5141.43,98,176,1.0,9,6,2,0,7.38,1.76,0.667,1
894,114,Project 894,web,IN_PROGRESS,7347.86,33,52,0.54,5,3,2,1,7.79,12.29,0.6,1
895,145,Project 895,design,COMPLETED,7128.44,169,46,1.0,16,13,5,1,8.95,13.32,0.812,1
896,72,Project 896,ai,IN_PROGRESS,10750.44,109,0,0.901,24,20,4,5,8.3,25.83,0.833,1
897,196,Project 897,data,COMPLETED,4155.92,148,38,0.829,11,10,4,1,6.19,1.16,0.909,1
898,172,Project 898,ai,COMPLETED,3411.38,30,345,0.631,12,11,1,0,12.92,8.48,0.917,1
899,28,Project 899,qa,IN_PROGRESS,2849.43,152,244,1.0,10,4,3,2,10.4,25.81,0.4,1
900,45,Project 900,web,COMPLETED,1424.82,61,177,0.793,17,11,1,1,16.6,43.86,0.647,1
